{"current":{"logo":"shopify:\/\/shop_images\/logo_Folkmarketgems3.png","favicon":"shopify:\/\/shop_images\/favicon-folkmarketgems45.png","type_body_font":"inter_n4","type_subheading_font":"inter_n5","type_heading_font":"inter_n7","type_accent_font":"bricolage_grotesque_n7","type_size_paragraph":"16","type_line_height_paragraph":"body-normal","type_font_h1":"heading","type_size_h1":"56","type_line_height_h1":"display-tight","type_letter_spacing_h1":"heading-normal","type_case_h1":"none","type_font_h2":"heading","type_size_h2":"24","type_line_height_h2":"display-loose","type_letter_spacing_h2":"heading-normal","type_case_h2":"none","type_font_h3":"heading","type_size_h3":"20","type_line_height_h3":"display-tight","type_letter_spacing_h3":"heading-normal","type_case_h3":"none","type_font_h4":"heading","type_size_h4":"18","type_line_height_h4":"display-tight","type_font_h5":"subheading","type_size_h5":"16","type_line_height_h5":"display-loose","type_font_h6":"subheading","type_size_h6":"14","type_line_height_h6":"display-loose","page_width":"narrow","transition_to_main_product":true,"badge_position":"top-right","badge_corner_radius":100,"badge_sale_color_scheme":"scheme-ecb9047b-2707-474a-8d25-769bb6471fe2","badge_sold_out_color_scheme":"scheme-3","badge_text_transform":"uppercase","primary_button_border_width":0,"button_border_radius_primary":14,"button_font_weight_primary":"400","secondary_button_border_width":0,"button_border_radius_secondary":14,"button_font_weight_secondary":"default","cart_type":"drawer","cart_price_font":"secondary","auto_open_cart_drawer":true,"show_cart_note":true,"show_add_discount_code":true,"show_installments":true,"show_accelerated_checkout_buttons":false,"drawer_drop_shadow":true,"icon_stroke":"default","input_border_width":1,"inputs_border_radius":4,"popover_border_radius":14,"popover_border":"none","currency_code_enabled_product_pages":true,"currency_code_enabled_product_cards":true,"currency_code_enabled_cart_items":true,"currency_code_enabled_cart_total":true,"mobile_quick_add":true,"quick_add_color_scheme":"scheme-2","show_second_image_on_hover":true,"product_card_carousel":true,"empty_state_collection":"natural-gemstones-for-sale","product_corner_radius":0,"card_corner_radius":4,"show_variant_image":true,"variant_swatch_width":34,"variant_swatch_height":34,"variant_swatch_radius":32,"variant_button_border_width":0,"variant_button_radius":14,"variant_button_width":"default-width-buttons","content_for_index":[],"blocks":{"15711573365076306404":{"type":"shopify:\/\/apps\/bloop-refer-aff\/blocks\/bss_bloop_script\/9d243b55-b2a4-42a8-aa2e-043240bb5d58","disabled":false,"settings":{}},"5368581398600051233":{"type":"shopify:\/\/apps\/bloy-loyalty-rewards\/blocks\/bloy-popup\/97e8894d-00f0-41a9-b986-49828146257c","disabled":false,"settings":{}},"13768625480086291342":{"type":"shopify:\/\/apps\/forms\/blocks\/forms\/8744a304-fcb1-4347-b211-bb6b4759a76a","disabled":false,"settings":{}},"15683396631634586217":{"type":"shopify:\/\/apps\/inbox\/blocks\/chat\/841fc607-4181-4ad1-842d-e24d7f8bad6b","disabled":false,"settings":{"button_color":"#000000","secondary_color":"#FFFFFF","ternary_color":"#6A6A6A","button_icon":"chat_bubble","button_text":"chat_with_us","button_horizontal_position":"bottom_right","button_vertical_position":"lowest","greeting_message":""}},"14060646107696862457":{"type":"shopify:\/\/apps\/judge-me-reviews\/blocks\/judgeme_core\/61ccd3b1-a9f2-4160-9fe9-4fec8413e5d8","disabled":false,"settings":{}},"2567389343055140935":{"type":"shopify:\/\/apps\/microsoft-clarity\/blocks\/clarity_js\/31c3d126-8116-4b4a-8ba1-baeda7c4aeea","disabled":false,"settings":{}}},"color_schemes":{"scheme-1":{"settings":{"background":"#ffffff","foreground_heading":"#000000","foreground":"#000000cf","primary":"#000000cf","primary_hover":"#000000","border":"#0000000f","shadow":"#000000","primary_button_background":"#000000","primary_button_text":"#ffffff","primary_button_border":"#000000","primary_button_hover_background":"#333333","primary_button_hover_text":"#ffffff","primary_button_hover_border":"#000000","secondary_button_background":"#0000000f","secondary_button_text":"#000000","secondary_button_border":"#0000000f","secondary_button_hover_background":"#333333","secondary_button_hover_text":"#ffffff","secondary_button_hover_border":"#333333","input_background":"#ffffffc7","input_text_color":"#333333","input_border_color":"#f5f5f5","input_hover_background":"#00000003","variant_background_color":"#ffffff","variant_text_color":"#000000","variant_border_color":"#00000021","variant_hover_background_color":"#f5f5f5","variant_hover_text_color":"#000000","variant_hover_border_color":"#e6e6e6","selected_variant_background_color":"#000000","selected_variant_text_color":"#ffffff","selected_variant_border_color":"#000000","selected_variant_hover_background_color":"#1a1a1a","selected_variant_hover_text_color":"#ffffff","selected_variant_hover_border_color":"#1a1a1a"}},"scheme-2":{"settings":{"background":"#f5f5f5","foreground_heading":"#000000","foreground":"#000000cf","primary":"#000000cf","primary_hover":"#000000","border":"#000000cf","shadow":"#000000","primary_button_background":"#000000","primary_button_text":"#ffffff","primary_button_border":"#000000","primary_button_hover_background":"#333333","primary_button_hover_text":"#ffffff","primary_button_hover_border":"#333333","secondary_button_background":"#ffffffb0","secondary_button_text":"#000000","secondary_button_border":"#ffffffb0","secondary_button_hover_background":"#ffffff","secondary_button_hover_text":"#000000","secondary_button_hover_border":"#ffffff","input_background":"rgba(0,0,0,0)","input_text_color":"#00000087","input_border_color":"#00000021","input_hover_background":"#ffffff5c","variant_background_color":"#ffffff","variant_text_color":"#000000","variant_border_color":"#e6e6e6","variant_hover_background_color":"#f5f5f5","variant_hover_text_color":"#000000","variant_hover_border_color":"#e6e6e6","selected_variant_background_color":"#000000","selected_variant_text_color":"#ffffff","selected_variant_border_color":"#000000","selected_variant_hover_background_color":"#1a1a1a","selected_variant_hover_text_color":"#ffffff","selected_variant_hover_border_color":"#1a1a1a"}},"scheme-3":{"settings":{"background":"#eef1ea","foreground_heading":"#000000","foreground":"#000000cf","primary":"#000000cf","primary_hover":"#000000","border":"#000000cf","shadow":"#000000","primary_button_background":"#000000","primary_button_text":"#ffffff","primary_button_border":"#000000","primary_button_hover_background":"#333333","primary_button_hover_text":"#ffffff","primary_button_hover_border":"#333333","secondary_button_background":"#ffffffb0","secondary_button_text":"#000000","secondary_button_border":"#ffffffb0","secondary_button_hover_background":"#ffffff","secondary_button_hover_text":"#000000","secondary_button_hover_border":"#ffffff","input_background":"rgba(0,0,0,0)","input_text_color":"#000000cf","input_border_color":"#000000cf","input_hover_background":"#ffffff5c","variant_background_color":"#ffffff","variant_text_color":"#000000","variant_border_color":"#e6e6e6","variant_hover_background_color":"#f5f5f5","variant_hover_text_color":"#000000","variant_hover_border_color":"#e6e6e6","selected_variant_background_color":"#000000","selected_variant_text_color":"#ffffff","selected_variant_border_color":"#000000","selected_variant_hover_background_color":"#1a1a1a","selected_variant_hover_text_color":"#ffffff","selected_variant_hover_border_color":"#1a1a1a"}},"scheme-4":{"settings":{"background":"#e1edf5","foreground_heading":"#000000","foreground":"#000000cf","primary":"#000000cf","primary_hover":"#000000","border":"#1d368680","shadow":"#000000","primary_button_background":"#000000","primary_button_text":"#ffffff","primary_button_border":"#1d3686","primary_button_hover_background":"#333333","primary_button_hover_text":"#ffffff","primary_button_hover_border":"#000000","secondary_button_background":"#ffffffb0","secondary_button_text":"#000000","secondary_button_border":"#000000cf","secondary_button_hover_background":"#ffffff","secondary_button_hover_text":"#000000","secondary_button_hover_border":"#ffffff","input_background":"rgba(0,0,0,0)","input_text_color":"#000000cf","input_border_color":"#000000cf","input_hover_background":"#ffffff5c","variant_background_color":"#ffffff","variant_text_color":"#000000","variant_border_color":"#e6e6e6","variant_hover_background_color":"#f5f5f5","variant_hover_text_color":"#000000","variant_hover_border_color":"#e6e6e6","selected_variant_background_color":"#000000","selected_variant_text_color":"#ffffff","selected_variant_border_color":"#000000","selected_variant_hover_background_color":"#1a1a1a","selected_variant_hover_text_color":"#ffffff","selected_variant_hover_border_color":"#1a1a1a"}},"scheme-5":{"settings":{"background":"#333333","foreground_heading":"#ffffff","foreground":"#ffffff","primary":"#ffffff","primary_hover":"#ffffffb0","border":"#ffffffb0","shadow":"#000000","primary_button_background":"#ffffff","primary_button_text":"#000000","primary_button_border":"#ffffff","primary_button_hover_background":"#000000","primary_button_hover_text":"#ffffff","primary_button_hover_border":"#000000","secondary_button_background":"#ffffffb0","secondary_button_text":"#000000","secondary_button_border":"#ffffffb0","secondary_button_hover_background":"#ffffff","secondary_button_hover_text":"#000000","secondary_button_hover_border":"#ffffff","input_background":"#333333","input_text_color":"#ffffffed","input_border_color":"#ffffffb0","input_hover_background":"#ffffff0a","variant_background_color":"#ffffff","variant_text_color":"#000000","variant_border_color":"#e6e6e6","variant_hover_background_color":"#f5f5f5","variant_hover_text_color":"#000000","variant_hover_border_color":"#e6e6e6","selected_variant_background_color":"#000000","selected_variant_text_color":"#ffffff","selected_variant_border_color":"#000000","selected_variant_hover_background_color":"#1a1a1a","selected_variant_hover_text_color":"#ffffff","selected_variant_hover_border_color":"#1a1a1a"}},"scheme-6":{"settings":{"background":"rgba(0,0,0,0)","foreground_heading":"#ffffff","foreground":"#ffffff","primary":"#ffffff","primary_hover":"#ffffffb0","border":"#e6e6e6","shadow":"#000000","primary_button_background":"#ffffff","primary_button_text":"#000000","primary_button_border":"#ffffff","primary_button_hover_background":"#000000","primary_button_hover_text":"#ffffff","primary_button_hover_border":"#000000","secondary_button_background":"#ffffffb0","secondary_button_text":"#000000","secondary_button_border":"#ffffffb0","secondary_button_hover_background":"#ffffff","secondary_button_hover_text":"#000000","secondary_button_hover_border":"#ffffff","input_background":"#ffffff","input_text_color":"#00000087","input_border_color":"#00000021","input_hover_background":"#fafafa","variant_background_color":"#ffffff","variant_text_color":"#000000","variant_border_color":"#e6e6e6","variant_hover_background_color":"#f5f5f5","variant_hover_text_color":"#000000","variant_hover_border_color":"#e6e6e6","selected_variant_background_color":"#000000","selected_variant_text_color":"#ffffff","selected_variant_border_color":"#000000","selected_variant_hover_background_color":"#1a1a1a","selected_variant_hover_text_color":"#ffffff","selected_variant_hover_border_color":"#1a1a1a"}},"scheme-58084d4c-a86e-4d0a-855e-a0966e5043f7":{"settings":{"background":"rgba(0,0,0,0)","foreground_heading":"#000000","foreground":"#000000","primary":"#000000","primary_hover":"#00000087","border":"#e6e6e6","shadow":"#000000","primary_button_background":"#000000","primary_button_text":"#ffffff","primary_button_border":"#000000","primary_button_hover_background":"#333333","primary_button_hover_text":"#ffffff","primary_button_hover_border":"#333333","secondary_button_background":"#0000000f","secondary_button_text":"#000000","secondary_button_border":"#000000","secondary_button_hover_background":"#ffffff","secondary_button_hover_text":"#000000","secondary_button_hover_border":"#ffffff","input_background":"#ffffff","input_text_color":"#00000087","input_border_color":"#00000021","input_hover_background":"#fafafa","variant_background_color":"#ffffff","variant_text_color":"#000000","variant_border_color":"#e6e6e6","variant_hover_background_color":"#f5f5f5","variant_hover_text_color":"#000000","variant_hover_border_color":"#e6e6e6","selected_variant_background_color":"#000000","selected_variant_text_color":"#ffffff","selected_variant_border_color":"#000000","selected_variant_hover_background_color":"#1a1a1a","selected_variant_hover_text_color":"#ffffff","selected_variant_hover_border_color":"#1a1a1a"}},"scheme-46ce7a89-4b67-45d1-b345-d6b58e06d56a":{"settings":{"background":"#000000","foreground_heading":"#ffffffc7","foreground":"#ffffffc7","primary":"#fffc37e3","primary_hover":"#000000","border":"#0000000f","shadow":"#000000","primary_button_background":"#000000","primary_button_text":"#ffffff","primary_button_border":"#000000","primary_button_hover_background":"#333333","primary_button_hover_text":"#ffffff","primary_button_hover_border":"#000000","secondary_button_background":"#0000000f","secondary_button_text":"#000000","secondary_button_border":"#0000000f","secondary_button_hover_background":"#333333","secondary_button_hover_text":"#ffffff","secondary_button_hover_border":"#333333","input_background":"#ffffffc7","input_text_color":"#333333","input_border_color":"#f5f5f5","input_hover_background":"#00000003","variant_background_color":"#ffffff","variant_text_color":"#000000","variant_border_color":"#00000021","variant_hover_background_color":"#f5f5f5","variant_hover_text_color":"#000000","variant_hover_border_color":"#e6e6e6","selected_variant_background_color":"#000000","selected_variant_text_color":"#ffffff","selected_variant_border_color":"#000000","selected_variant_hover_background_color":"#1a1a1a","selected_variant_hover_text_color":"#ffffff","selected_variant_hover_border_color":"#1a1a1a"}},"scheme-ecb9047b-2707-474a-8d25-769bb6471fe2":{"settings":{"background":"#fd0000","foreground_heading":"#000000","foreground":"#ffffff","primary":"#000000cf","primary_hover":"#000000","border":"#0000000f","shadow":"#000000","primary_button_background":"#000000","primary_button_text":"#ffffff","primary_button_border":"#000000","primary_button_hover_background":"#333333","primary_button_hover_text":"#ffffff","primary_button_hover_border":"#000000","secondary_button_background":"#0000000f","secondary_button_text":"#000000","secondary_button_border":"#0000000f","secondary_button_hover_background":"#333333","secondary_button_hover_text":"#ffffff","secondary_button_hover_border":"#333333","input_background":"#ffffffc7","input_text_color":"#333333","input_border_color":"#f5f5f5","input_hover_background":"#00000003","variant_background_color":"#ffffff","variant_text_color":"#000000","variant_border_color":"#00000021","variant_hover_background_color":"#f5f5f5","variant_hover_text_color":"#000000","variant_hover_border_color":"#e6e6e6","selected_variant_background_color":"#000000","selected_variant_text_color":"#ffffff","selected_variant_border_color":"#000000","selected_variant_hover_background_color":"#1a1a1a","selected_variant_hover_text_color":"#ffffff","selected_variant_hover_border_color":"#1a1a1a"}},"scheme-42ca44bf-fd2d-4e55-ba4a-0a7d58638255":{"settings":{"background":"#f7d202","foreground_heading":"#000000","foreground":"#fd0000","primary":"#000000cf","primary_hover":"#000000","border":"#0000000f","shadow":"#000000","primary_button_background":"#000000","primary_button_text":"#ffffff","primary_button_border":"#000000","primary_button_hover_background":"#333333","primary_button_hover_text":"#ffffff","primary_button_hover_border":"#000000","secondary_button_background":"#0000000f","secondary_button_text":"#000000","secondary_button_border":"#0000000f","secondary_button_hover_background":"#333333","secondary_button_hover_text":"#ffffff","secondary_button_hover_border":"#333333","input_background":"#ffffffc7","input_text_color":"#333333","input_border_color":"#f5f5f5","input_hover_background":"#00000003","variant_background_color":"#ffffff","variant_text_color":"#000000","variant_border_color":"#00000021","variant_hover_background_color":"#f5f5f5","variant_hover_text_color":"#000000","variant_hover_border_color":"#e6e6e6","selected_variant_background_color":"#000000","selected_variant_text_color":"#ffffff","selected_variant_border_color":"#000000","selected_variant_hover_background_color":"#1a1a1a","selected_variant_hover_text_color":"#ffffff","selected_variant_hover_border_color":"#1a1a1a"}},"scheme-1233d5be-5a31-4e97-8fba-2856563f7112":{"settings":{"background":"#ffffff","foreground_heading":"#ffffffcf","foreground":"#ffffffcf","primary":"#000000cf","primary_hover":"#000000","border":"#0000000f","shadow":"#000000","primary_button_background":"#000000","primary_button_text":"#ffffff","primary_button_border":"#000000","primary_button_hover_background":"#333333","primary_button_hover_text":"#ffffff","primary_button_hover_border":"#000000","secondary_button_background":"#0000000f","secondary_button_text":"#000000","secondary_button_border":"#0000000f","secondary_button_hover_background":"#333333","secondary_button_hover_text":"#ffffff","secondary_button_hover_border":"#333333","input_background":"#ffffffc7","input_text_color":"#333333","input_border_color":"#f5f5f5","input_hover_background":"#00000003","variant_background_color":"#ffffff","variant_text_color":"#000000","variant_border_color":"#00000021","variant_hover_background_color":"#f5f5f5","variant_hover_text_color":"#000000","variant_hover_border_color":"#e6e6e6","selected_variant_background_color":"#000000","selected_variant_text_color":"#ffffff","selected_variant_border_color":"#000000","selected_variant_hover_background_color":"#1a1a1a","selected_variant_hover_text_color":"#ffffff","selected_variant_hover_border_color":"#1a1a1a"}},"scheme-303ce81b-f6c2-4cc8-b78d-ec18c4136b7e":{"settings":{"background":"#dfdfdf","foreground_heading":"#000000","foreground":"#000000cf","primary":"#000000cf","primary_hover":"#000000","border":"#0000000f","shadow":"#000000","primary_button_background":"#000000","primary_button_text":"#ffffff","primary_button_border":"#000000","primary_button_hover_background":"#333333","primary_button_hover_text":"#ffffff","primary_button_hover_border":"#000000","secondary_button_background":"#0000000f","secondary_button_text":"#000000","secondary_button_border":"#0000000f","secondary_button_hover_background":"#333333","secondary_button_hover_text":"#ffffff","secondary_button_hover_border":"#333333","input_background":"#ffffffc7","input_text_color":"#333333","input_border_color":"#f5f5f5","input_hover_background":"#00000003","variant_background_color":"#ffffff","variant_text_color":"#000000","variant_border_color":"#00000021","variant_hover_background_color":"#f5f5f5","variant_hover_text_color":"#000000","variant_hover_border_color":"#e6e6e6","selected_variant_background_color":"#000000","selected_variant_text_color":"#ffffff","selected_variant_border_color":"#000000","selected_variant_hover_background_color":"#1a1a1a","selected_variant_hover_text_color":"#ffffff","selected_variant_hover_border_color":"#1a1a1a"}},"scheme-1c872cc0-43f2-4531-bd79-2d8d9e578ac0":{"settings":{"background":"#efeae3","foreground_heading":"#000000","foreground":"#000000cf","primary":"#000000cf","primary_hover":"#000000","border":"#0000000f","shadow":"#000000","primary_button_background":"#000000","primary_button_text":"#ffffff","primary_button_border":"#000000","primary_button_hover_background":"#333333","primary_button_hover_text":"#ffffff","primary_button_hover_border":"#000000","secondary_button_background":"#0000000f","secondary_button_text":"#000000","secondary_button_border":"#0000000f","secondary_button_hover_background":"#333333","secondary_button_hover_text":"#ffffff","secondary_button_hover_border":"#333333","input_background":"#ffffffc7","input_text_color":"#333333","input_border_color":"#f5f5f5","input_hover_background":"#00000003","variant_background_color":"#ffffff","variant_text_color":"#000000","variant_border_color":"#00000021","variant_hover_background_color":"#f5f5f5","variant_hover_text_color":"#000000","variant_hover_border_color":"#e6e6e6","selected_variant_background_color":"#000000","selected_variant_text_color":"#ffffff","selected_variant_border_color":"#000000","selected_variant_hover_background_color":"#1a1a1a","selected_variant_hover_text_color":"#ffffff","selected_variant_hover_border_color":"#1a1a1a"}},"scheme-d50a0056-4195-437b-a858-4256097a77eb":{"settings":{"background":"#000000","foreground_heading":"#000000","foreground":"#ffffff","primary":"#fffb00","primary_hover":"#000000","border":"#0000000f","shadow":"#000000","primary_button_background":"#ffffff","primary_button_text":"#000000","primary_button_border":"#000000","primary_button_hover_background":"#333333","primary_button_hover_text":"#ffffff","primary_button_hover_border":"#000000","secondary_button_background":"#0000000f","secondary_button_text":"#000000","secondary_button_border":"#0000000f","secondary_button_hover_background":"#333333","secondary_button_hover_text":"#ffffff","secondary_button_hover_border":"#333333","input_background":"#ffffffc7","input_text_color":"#333333","input_border_color":"#f5f5f5","input_hover_background":"#00000003","variant_background_color":"#ffffff","variant_text_color":"#000000","variant_border_color":"#00000021","variant_hover_background_color":"#f5f5f5","variant_hover_text_color":"#000000","variant_hover_border_color":"#e6e6e6","selected_variant_background_color":"#000000","selected_variant_text_color":"#ffffff","selected_variant_border_color":"#000000","selected_variant_hover_background_color":"#1a1a1a","selected_variant_hover_text_color":"#ffffff","selected_variant_hover_border_color":"#1a1a1a"}},"scheme-141f370e-eb3c-4e0f-9c09-d8148462e189":{"settings":{"background":"#ffffff","foreground_heading":"#1e1d1d","foreground":"#000000cf","primary":"#000000cf","primary_hover":"#000000","border":"#0000000f","shadow":"#000000","primary_button_background":"#000000","primary_button_text":"#ffffff","primary_button_border":"#000000","primary_button_hover_background":"#333333","primary_button_hover_text":"#ffffff","primary_button_hover_border":"#000000","secondary_button_background":"#000000f2","secondary_button_text":"#000000","secondary_button_border":"#0000000f","secondary_button_hover_background":"#333333","secondary_button_hover_text":"#ffffff","secondary_button_hover_border":"#333333","input_background":"#ffffffc7","input_text_color":"#333333","input_border_color":"#f5f5f5","input_hover_background":"#00000003","variant_background_color":"#ffffff","variant_text_color":"#000000","variant_border_color":"#00000021","variant_hover_background_color":"#f5f5f5","variant_hover_text_color":"#000000","variant_hover_border_color":"#e6e6e6","selected_variant_background_color":"#000000","selected_variant_text_color":"#ffffff","selected_variant_border_color":"#000000","selected_variant_hover_background_color":"#1a1a1a","selected_variant_hover_text_color":"#ffffff","selected_variant_hover_border_color":"#1a1a1a"}},"scheme-26de411a-7ee9-4c5e-b40c-a03f9ddd9514":{"settings":{"background":"#e8e8e8","foreground_heading":"#ffffff","foreground":"#000000","primary":"#000000cf","primary_hover":"#000000","border":"#0000000f","shadow":"#000000","primary_button_background":"#000000","primary_button_text":"#ffffff","primary_button_border":"#000000","primary_button_hover_background":"#333333","primary_button_hover_text":"#ffffff","primary_button_hover_border":"#000000","secondary_button_background":"#0000000f","secondary_button_text":"#ffffff","secondary_button_border":"#0000000f","secondary_button_hover_background":"#333333","secondary_button_hover_text":"#ffffff","secondary_button_hover_border":"#333333","input_background":"#ffffffc7","input_text_color":"#333333","input_border_color":"#f5f5f5","input_hover_background":"#00000003","variant_background_color":"#ffffff","variant_text_color":"#000000","variant_border_color":"#00000021","variant_hover_background_color":"#f5f5f5","variant_hover_text_color":"#000000","variant_hover_border_color":"#e6e6e6","selected_variant_background_color":"#000000","selected_variant_text_color":"#ffffff","selected_variant_border_color":"#000000","selected_variant_hover_background_color":"#1a1a1a","selected_variant_hover_text_color":"#ffffff","selected_variant_hover_border_color":"#1a1a1a"}},"scheme-1a39c0a0-4b47-4b7e-a545-4dac8389d09a":{"settings":{"background":"#000000","foreground_heading":"#ffffff","foreground":"#ffffffcf","primary":"#000000cf","primary_hover":"#000000","border":"#0000000f","shadow":"#000000","primary_button_background":"#000000","primary_button_text":"#ffffff","primary_button_border":"#000000","primary_button_hover_background":"#333333","primary_button_hover_text":"#ffffff","primary_button_hover_border":"#000000","secondary_button_background":"#0000000f","secondary_button_text":"#ffffffcf","secondary_button_border":"#0000000f","secondary_button_hover_background":"#333333","secondary_button_hover_text":"#ffffff","secondary_button_hover_border":"#333333","input_background":"#ffffffc7","input_text_color":"#ffffff","input_border_color":"#f5f5f5","input_hover_background":"#00000003","variant_background_color":"#ffffff","variant_text_color":"#000000","variant_border_color":"#00000021","variant_hover_background_color":"#f5f5f5","variant_hover_text_color":"#000000","variant_hover_border_color":"#e6e6e6","selected_variant_background_color":"#000000","selected_variant_text_color":"#ffffff","selected_variant_border_color":"#000000","selected_variant_hover_background_color":"#1a1a1a","selected_variant_hover_text_color":"#ffffff","selected_variant_hover_border_color":"#1a1a1a"}}}},"presets":{"Horizon":{"color_schemes":{"scheme-1":{"settings":{"background":"#ffffff","foreground_heading":"#000000","foreground":"#000000cf","primary":"#000000cf","primary_hover":"#000000","border":"#0000000f","shadow":"#000000","primary_button_background":"#000000","primary_button_text":"#ffffff","primary_button_border":"#000000","primary_button_hover_background":"#333333","primary_button_hover_text":"#ffffff","primary_button_hover_border":"#000000","secondary_button_background":"rgba(0,0,0,0)","secondary_button_text":"#000000","secondary_button_border":"#000000","secondary_button_hover_background":"#fafafa","secondary_button_hover_text":"#333333","secondary_button_hover_border":"#333333","input_background":"#ffffffc7","input_text_color":"#333333","input_border_color":"#dfdfdf","input_hover_background":"#00000003","variant_background_color":"#ffffff","variant_text_color":"#000000","variant_border_color":"#00000021","variant_hover_background_color":"#f5f5f5","variant_hover_text_color":"#000000","variant_hover_border_color":"#e6e6e6","selected_variant_background_color":"#000000","selected_variant_text_color":"#ffffff","selected_variant_border_color":"#000000","selected_variant_hover_background_color":"#1a1a1a","selected_variant_hover_text_color":"#ffffff","selected_variant_hover_border_color":"#1a1a1a"}},"scheme-2":{"settings":{"background":"#f5f5f5","foreground_heading":"#000000","foreground":"#000000cf","primary":"#000000cf","primary_hover":"#ffffff","border":"#DFDFDF","shadow":"#000000","primary_button_background":"#000000","primary_button_text":"#ffffff","primary_button_border":"#000000","primary_button_hover_background":"#333333","primary_button_hover_text":"#ffffff","primary_button_hover_border":"#333333","secondary_button_background":"rgba(0,0,0,0)","secondary_button_text":"#000000","secondary_button_border":"#000000","secondary_button_hover_background":"#ffffff5c","secondary_button_hover_text":"#000000","secondary_button_hover_border":"#333333ba","input_background":"rgba(0,0,0,0)","input_text_color":"#00000087","input_border_color":"#00000021","input_hover_background":"#ffffff5c","variant_background_color":"#ffffff","variant_text_color":"#000000","variant_border_color":"#e6e6e6","variant_hover_background_color":"#f5f5f5","variant_hover_text_color":"#000000","variant_hover_border_color":"#e6e6e6","selected_variant_background_color":"#000000","selected_variant_text_color":"#ffffff","selected_variant_border_color":"#000000","selected_variant_hover_background_color":"#1a1a1a","selected_variant_hover_text_color":"#ffffff","selected_variant_hover_border_color":"#1a1a1a"}},"scheme-3":{"settings":{"background":"#eef1ea","foreground_heading":"#000000","foreground":"#000000cf","primary":"#000000cf","primary_hover":"#000000","border":"#000000cf","shadow":"#000000","primary_button_background":"#000000","primary_button_text":"#ffffff","primary_button_border":"#000000","primary_button_hover_background":"#333333","primary_button_hover_text":"#ffffff","primary_button_hover_border":"#333333","secondary_button_background":"rgba(0,0,0,0)","secondary_button_text":"#000000","secondary_button_border":"#000000","secondary_button_hover_background":"#ffffff5c","secondary_button_hover_text":"#000000cf","secondary_button_hover_border":"#000000cf","input_background":"rgba(0,0,0,0)","input_text_color":"#000000cf","input_border_color":"#000000cf","input_hover_background":"#ffffff5c","variant_background_color":"#ffffff","variant_text_color":"#000000","variant_border_color":"#e6e6e6","variant_hover_background_color":"#f5f5f5","variant_hover_text_color":"#000000","variant_hover_border_color":"#e6e6e6","selected_variant_background_color":"#000000","selected_variant_text_color":"#ffffff","selected_variant_border_color":"#000000","selected_variant_hover_background_color":"#1a1a1a","selected_variant_hover_text_color":"#ffffff","selected_variant_hover_border_color":"#1a1a1a"}},"scheme-4":{"settings":{"background":"#e1edf5","foreground_heading":"#000000","foreground":"#000000cf","primary":"#000000cf","primary_hover":"#000000","border":"#1d368680","shadow":"#000000","primary_button_background":"#000000","primary_button_text":"#ffffff","primary_button_border":"#1d3686","primary_button_hover_background":"#333333","primary_button_hover_text":"#ffffff","primary_button_hover_border":"#000000","secondary_button_background":"rgba(0,0,0,0)","secondary_button_text":"#000000","secondary_button_border":"#000000","secondary_button_hover_background":"#ffffff5c","secondary_button_hover_text":"#000000cf","secondary_button_hover_border":"#000000cf","input_background":"rgba(0,0,0,0)","input_text_color":"#000000cf","input_border_color":"#000000cf","input_hover_background":"#ffffff5c","variant_background_color":"#ffffff","variant_text_color":"#000000","variant_border_color":"#e6e6e6","variant_hover_background_color":"#f5f5f5","variant_hover_text_color":"#000000","variant_hover_border_color":"#e6e6e6","selected_variant_background_color":"#000000","selected_variant_text_color":"#ffffff","selected_variant_border_color":"#000000","selected_variant_hover_background_color":"#1a1a1a","selected_variant_hover_text_color":"#ffffff","selected_variant_hover_border_color":"#1a1a1a"}},"scheme-5":{"settings":{"background":"#333333","foreground_heading":"#ffffff","foreground":"#ffffff","primary":"#ffffff","primary_hover":"#ffffffb0","border":"#ffffffb0","shadow":"#000000","primary_button_background":"#ffffff","primary_button_text":"#000000","primary_button_border":"#ffffff","primary_button_hover_background":"#000000","primary_button_hover_text":"#ffffff","primary_button_hover_border":"#000000","secondary_button_background":"rgba(0,0,0,0)","secondary_button_text":"#ffffff","secondary_button_border":"#ffffffb0","secondary_button_hover_background":"#ffffff0a","secondary_button_hover_text":"#ffffffed","secondary_button_hover_border":"#ffffffb0","input_background":"#333333","input_text_color":"#ffffffed","input_border_color":"#ffffffb0","input_hover_background":"#ffffff0a","variant_background_color":"#ffffff","variant_text_color":"#000000","variant_border_color":"#e6e6e6","variant_hover_background_color":"#f5f5f5","variant_hover_text_color":"#000000","variant_hover_border_color":"#e6e6e6","selected_variant_background_color":"#000000","selected_variant_text_color":"#ffffff","selected_variant_border_color":"#000000","selected_variant_hover_background_color":"#1a1a1a","selected_variant_hover_text_color":"#ffffff","selected_variant_hover_border_color":"#1a1a1a"}},"scheme-6":{"settings":{"background":"rgba(0,0,0,0)","foreground_heading":"#ffffff","foreground":"#ffffff","primary":"#ffffff","primary_hover":"#ffffffb0","border":"#e6e6e6","shadow":"#000000","primary_button_background":"#ffffff","primary_button_text":"#000000","primary_button_border":"#ffffff","primary_button_hover_background":"#000000","primary_button_hover_text":"#ffffff","primary_button_hover_border":"#000000","secondary_button_background":"rgba(0,0,0,0)","secondary_button_text":"#ffffff","secondary_button_border":"#ffffff","secondary_button_hover_background":"#ffffff14","secondary_button_hover_text":"#ffffff","secondary_button_hover_border":"#ffffff","input_background":"#ffffff","input_text_color":"#00000087","input_border_color":"#00000021","input_hover_background":"#fafafa","variant_background_color":"#ffffff","variant_text_color":"#000000","variant_border_color":"#e6e6e6","variant_hover_background_color":"#f5f5f5","variant_hover_text_color":"#000000","variant_hover_border_color":"#e6e6e6","selected_variant_background_color":"#000000","selected_variant_text_color":"#ffffff","selected_variant_border_color":"#000000","selected_variant_hover_background_color":"#1a1a1a","selected_variant_hover_text_color":"#ffffff","selected_variant_hover_border_color":"#1a1a1a"}},"scheme-58084d4c-a86e-4d0a-855e-a0966e5043f7":{"settings":{"background":"rgba(0,0,0,0)","foreground_heading":"#000000","foreground":"#000000","primary":"#000000","primary_hover":"#00000087","border":"#e6e6e6","shadow":"#000000","primary_button_background":"#000000","primary_button_text":"#ffffff","primary_button_border":"#000000","primary_button_hover_background":"#333333","primary_button_hover_text":"#ffffff","primary_button_hover_border":"#333333","secondary_button_background":"rgba(0,0,0,0)","secondary_button_text":"#000000","secondary_button_border":"#000000","secondary_button_hover_background":"#fafafa","secondary_button_hover_text":"#333333","secondary_button_hover_border":"#333333","input_background":"#ffffff","input_text_color":"#00000087","input_border_color":"#00000021","input_hover_background":"#fafafa","variant_background_color":"#ffffff","variant_text_color":"#000000","variant_border_color":"#e6e6e6","variant_hover_background_color":"#f5f5f5","variant_hover_text_color":"#000000","variant_hover_border_color":"#e6e6e6","selected_variant_background_color":"#000000","selected_variant_text_color":"#ffffff","selected_variant_border_color":"#000000","selected_variant_hover_background_color":"#1a1a1a","selected_variant_hover_text_color":"#ffffff","selected_variant_hover_border_color":"#1a1a1a"}}}}},"platform_customizations":{"custom_css":[".price-sale,.price > span {font-weight: bold;}",".price small {color: #999;}",".inquiry-buttons {display: flex; justify-content: center; gap: 8px; margin-top: 6px; flex-wrap: wrap;}",".btn {padding: 6px 10px; font-size: 13px; text-align: center; text-decoration: none; border-radius: 8px; color: #fff; cursor: pointer; white-space: nowrap;}",".btn--buy-on-whatsapp {background-color: #25d366;}",".btn--email-inquiry {background-color: #007bff;}",".btn:hover {opacity: 0.7;}","- .product-extra-info p {margin: 2px 0; font-size: 12px;}",".product-extra-info strong {font-weight: 600;}"]}}