{"type":"footer","name":"Footer","sections":{"footer":{"type":"footer","blocks":{"divider_hFm3am":{"type":"_divider","name":"t:names.divider","settings":{"thickness":1,"corner_radius":"square","width_percent":100,"padding-block-start":0,"padding-block-end":0},"blocks":{}},"group_tbFfTQ":{"type":"group","name":"Join the club","disabled":true,"settings":{"link":"","open_in_new_tab":false,"content_direction":"row","vertical_on_mobile":true,"horizontal_alignment":"space-between","vertical_alignment":"flex-end","align_baseline":false,"horizontal_alignment_flex_direction_column":"flex-start","vertical_alignment_flex_direction_column":"center","gap":32,"width":"fill","custom_width":100,"width_mobile":"custom","custom_width_mobile":100,"height":"fit","custom_height":100,"inherit_color_scheme":true,"color_scheme":"","background_media":"none","video_position":"cover","background_image_position":"cover","border":"none","border_width":1,"border_opacity":100,"border_radius":0,"placeholder":"","toggle_overlay":false,"overlay_color":"#00000026","overlay_style":"solid","gradient_direction":"to top","padding-block-start":0,"padding-block-end":0,"padding-inline-start":0,"padding-inline-end":0},"blocks":{"group_4aCyy7":{"type":"group","name":"t:names.group","settings":{"link":"","open_in_new_tab":false,"content_direction":"column","vertical_on_mobile":true,"horizontal_alignment":"flex-start","vertical_alignment":"center","align_baseline":false,"horizontal_alignment_flex_direction_column":"flex-start","vertical_alignment_flex_direction_column":"center","gap":12,"width":"fit-content","custom_width":100,"width_mobile":"fill","custom_width_mobile":100,"height":"fit","custom_height":100,"inherit_color_scheme":true,"color_scheme":"","background_media":"none","video_position":"cover","background_image_position":"cover","border":"none","border_width":1,"border_opacity":100,"border_radius":0,"placeholder":"","toggle_overlay":false,"overlay_color":"#00000026","overlay_style":"solid","gradient_direction":"to top","padding-block-start":0,"padding-block-end":0,"padding-inline-start":0,"padding-inline-end":0},"blocks":{"text_3L9Fjq":{"type":"text","name":"Heading","settings":{"text":"<h2>Subscribe Us<\/h2>","width":"fit-content","max_width":"normal","alignment":"left","type_preset":"h3","font":"var(--font-primary--family)","font_size":"","line_height":"normal","letter_spacing":"normal","case":"none","wrap":"pretty","color":"","background":false,"background_color":"#00000026","corner_radius":0,"padding-block-start":0,"padding-block-end":0,"padding-inline-start":0,"padding-inline-end":0},"blocks":{}},"text_eC4rXd":{"type":"text","name":"Text","settings":{"text":"<p>Get exclusive deals and early access to new products. <\/p>","width":"fit-content","max_width":"normal","alignment":"left","type_preset":"rte","font":"var(--font-primary--family)","font_size":"","line_height":"normal","letter_spacing":"normal","case":"none","wrap":"pretty","color":"","background":false,"background_color":"#00000026","corner_radius":0,"padding-block-start":0,"padding-block-end":0,"padding-inline-start":0,"padding-inline-end":0},"blocks":{}}},"block_order":["text_3L9Fjq","text_eC4rXd"]},"email_signup_NcLwNb":{"type":"email-signup","name":"t:names.email_signup","settings":{"width":"custom","custom_width":50,"inherit_color_scheme":true,"heading":"","heading_preset":"h3","color_scheme":"scheme-1","border_style":"all","border_width":1,"border_radius":39,"input_type_preset":"paragraph","style_class":"button-unstyled","display_type":"arrow","label":"Sign up","integrated_button":true,"button_type_preset":"paragraph","padding-block-start":0,"padding-block-end":0,"padding-inline-start":0,"padding-inline-end":0},"blocks":{}}},"block_order":["group_4aCyy7","email_signup_NcLwNb"]},"group_cyCq9G":{"type":"group","name":"t:names.group","settings":{"link":"","open_in_new_tab":false,"content_direction":"row","vertical_on_mobile":true,"horizontal_alignment":"flex-start","vertical_alignment":"center","align_baseline":false,"horizontal_alignment_flex_direction_column":"flex-start","vertical_alignment_flex_direction_column":"center","gap":13,"width":"fill","custom_width":100,"width_mobile":"fill","custom_width_mobile":100,"height":"fit","custom_height":100,"inherit_color_scheme":true,"color_scheme":"","background_media":"none","video_position":"cover","background_image_position":"cover","border":"none","border_width":1,"border_opacity":100,"border_radius":0,"placeholder":"","toggle_overlay":false,"overlay_color":"#00000026","overlay_style":"solid","gradient_direction":"to top","padding-block-start":0,"padding-block-end":0,"padding-inline-start":0,"padding-inline-end":0},"blocks":{"group_Dd8MWk":{"type":"group","name":"t:names.group","settings":{"link":"","open_in_new_tab":false,"content_direction":"column","vertical_on_mobile":true,"horizontal_alignment":"flex-start","vertical_alignment":"center","align_baseline":false,"horizontal_alignment_flex_direction_column":"flex-start","vertical_alignment_flex_direction_column":"center","gap":12,"width":"custom","custom_width":100,"width_mobile":"custom","custom_width_mobile":100,"height":"fit","custom_height":100,"inherit_color_scheme":true,"color_scheme":"","background_media":"none","video_position":"cover","background_image_position":"cover","border":"none","border_width":1,"border_opacity":100,"border_radius":0,"placeholder":"","toggle_overlay":false,"overlay_color":"#00000026","overlay_style":"solid","gradient_direction":"to top","padding-block-start":0,"padding-block-end":0,"padding-inline-start":0,"padding-inline-end":0},"blocks":{"logo_dNCRhF":{"type":"logo","name":"t:names.logo","settings":{"inverse":false,"font":"heading","unit":"pixel","percent_width":100,"pixel_height":48,"custom_mobile_size":false,"unit_mobile":"percent","percent_width_mobile":100,"pixel_height_mobile":120,"padding-block-start":0,"padding-block-end":0,"padding-inline-start":0,"padding-inline-end":0},"blocks":{}},"text_8wjjFe":{"type":"text","name":"t:names.text","settings":{"text":"<p>Best Place to Buy 100% Natural Gemstones, Minerals, Crystals<\/p>","width":"fit-content","max_width":"none","alignment":"left","type_preset":"rte","font":"var(--font-body--family)","font_size":"1rem","line_height":"normal","letter_spacing":"normal","case":"none","wrap":"pretty","color":"var(--color-foreground)","background":false,"background_color":"#00000026","corner_radius":0,"padding-block-start":0,"padding-block-end":0,"padding-inline-start":0,"padding-inline-end":0},"blocks":{}}},"block_order":["logo_dNCRhF","text_8wjjFe"]},"divider_M6PXar":{"type":"_divider","name":"t:names.divider","settings":{"thickness":1,"corner_radius":"square","width_percent":100,"padding-block-start":0,"padding-block-end":0},"blocks":{}},"menu_NpPX9Q":{"type":"menu","name":"t:names.menu","settings":{"menu":"footer","heading":"SHOP","menu_spacing":7,"show_as_accordion":false,"accordion_icon":"plus","accordion_dividers":true,"inherit_color_scheme":true,"color_scheme":"","heading_preset":"h4","link_preset":"paragraph","padding-block-start":0,"padding-block-end":0,"padding-inline-start":0,"padding-inline-end":0},"blocks":{}},"divider_y4Ccbg":{"type":"_divider","name":"t:names.divider","disabled":true,"settings":{"thickness":1,"corner_radius":"square","width_percent":100,"padding-block-start":0,"padding-block-end":0},"blocks":{}},"menu_EJeL3w":{"type":"menu","name":"t:names.menu","disabled":true,"settings":{"menu":"main-menu-2","heading":"Info","menu_spacing":12,"show_as_accordion":true,"accordion_icon":"caret","accordion_dividers":true,"inherit_color_scheme":true,"color_scheme":"","heading_preset":"h3","link_preset":"paragraph","padding-block-start":0,"padding-block-end":0,"padding-inline-start":0,"padding-inline-end":0},"blocks":{}},"divider_qWJC7P":{"type":"_divider","name":"t:names.divider","settings":{"thickness":1,"corner_radius":"square","width_percent":100,"padding-block-start":0,"padding-block-end":0},"blocks":{}},"text_Nk69pc":{"type":"text","name":"t:names.text","settings":{"text":"<h4>CONTACT US<\/h4><p><strong>Call  24\/7: <\/strong>+923268999919<\/p><p><strong>WhatsApp:<\/strong> +923268999919 \/ +66617237765<\/p><p><strong>Email Us: <\/strong><a href=\"mailto:info@folkmarketgems.com\" target=\"_blank\">info@folkmarketgems.com<\/a><\/p><p><strong>Gmail: <\/strong>folkmarketgems@gmail.com <\/p><p><strong>24\/7 Via Chat: <\/strong> <a href=\"mailto:info@folkmarketgems.com\">Live Chat<\/a><\/p>","width":"100%","max_width":"none","alignment":"left","type_preset":"rte","font":"var(--font-body--family)","font_size":"1rem","line_height":"normal","letter_spacing":"normal","case":"none","wrap":"pretty","color":"var(--color-foreground)","background":false,"background_color":"#00000026","corner_radius":0,"padding-block-start":0,"padding-block-end":0,"padding-inline-start":0,"padding-inline-end":0},"blocks":{}}},"block_order":["group_Dd8MWk","divider_M6PXar","menu_NpPX9Q","divider_y4Ccbg","menu_EJeL3w","divider_qWJC7P","text_Nk69pc"]},"group_tdPFFy":{"type":"group","name":"t:names.group","settings":{"link":"","open_in_new_tab":false,"content_direction":"row","vertical_on_mobile":true,"horizontal_alignment":"flex-start","vertical_alignment":"center","align_baseline":false,"horizontal_alignment_flex_direction_column":"flex-start","vertical_alignment_flex_direction_column":"center","gap":12,"width":"fill","custom_width":100,"width_mobile":"fill","custom_width_mobile":100,"height":"fit","custom_height":100,"inherit_color_scheme":true,"color_scheme":"","background_media":"none","video_position":"cover","background_image_position":"cover","border":"none","border_width":1,"border_opacity":100,"border_radius":0,"placeholder":"","toggle_overlay":false,"overlay_color":"#00000026","overlay_style":"solid","gradient_direction":"to top","padding-block-start":0,"padding-block-end":0,"padding-inline-start":0,"padding-inline-end":0},"blocks":{"payment_icons_mMjVmL":{"type":"payment-icons","name":"t:names.payment_icons","settings":{"horizontal_alignment":"flex-start","gap":10,"padding-block-start":0,"padding-block-end":0,"padding-inline-start":0,"padding-inline-end":0},"blocks":{}},"divider_QTrwbG":{"type":"_divider","name":"t:names.divider","settings":{"thickness":1,"corner_radius":"square","width_percent":100,"padding-block-start":0,"padding-block-end":0},"blocks":{}},"follow_on_shop_NAxzjw":{"type":"follow-on-shop","name":"t:names.follow_on_shop","settings":{"padding-block-start":0,"padding-block-end":0,"padding-inline-start":0,"padding-inline-end":0},"blocks":{}}},"block_order":["payment_icons_mMjVmL","divider_QTrwbG","follow_on_shop_NAxzjw"]},"footer_utilities_KRaGcH":{"type":"footer-utilities","name":"t:names.footer_utilities","settings":{"divider_thickness":0,"padding-block-start":12,"padding-block-end":0},"blocks":{"copyright":{"type":"_footer-copyright","static":true,"settings":{"show_powered_by":true,"font_size":"0.75rem","case":"none"},"blocks":{}},"policy_list":{"type":"_footer-policy-list","static":true,"settings":{"font_size":"0.75rem","case":"none"},"blocks":{}},"social_icons":{"type":"_footer-social-icons","static":true,"settings":{},"blocks":{"social_link_JnLXB6":{"type":"_social-link","name":"Facebook","settings":{"link":"https:\/\/www.facebook.com\/folkmarketgemsmineral"},"blocks":{}},"social_link_9i9EqD":{"type":"_social-link","name":"Instagram ","settings":{"link":"https:\/\/www.instagram.com\/gems.minerals"},"blocks":{}},"social_link_kd8UUt":{"type":"_social-link","name":"TikTok","settings":{"link":"https:\/\/www.tiktok.com\/@folkmarketgems.com"},"blocks":{}},"social_link_Qw9AXL":{"type":"_social-link","name":"X \/ Twitter","settings":{"link":"https:\/\/x.com\/folkmarketgems"},"blocks":{}},"social_link_JGicT8":{"type":"_social-link","name":"t:names.social_link","settings":{"link":"https:\/\/www.pinterest.com\/folkmarketgems_minerals\/"},"blocks":{}},"social_link_MyjKdB":{"type":"_social-link","name":"t:names.social_link","settings":{"link":"https:\/\/wa.me\/message\/RVC67NPDRQ4DO1"},"blocks":{}},"social_link_WHwaAg":{"type":"_social-link","name":"t:names.social_link","settings":{"link":"https:\/\/www.linkedin.com\/company\/folkmarket-gems-minerals\/?viewAsMember=true"},"blocks":{}},"social_link_aAH768":{"type":"_social-link","name":"YouTube","settings":{"link":"https:\/\/www.youtube.com\/channel\/UCtPfuEqlusUpnBgy2SuoggQ"},"blocks":{}}},"block_order":["social_link_JnLXB6","social_link_9i9EqD","social_link_kd8UUt","social_link_Qw9AXL","social_link_JGicT8","social_link_MyjKdB","social_link_WHwaAg","social_link_aAH768"]}},"block_order":[]}},"block_order":["divider_hFm3am","group_tbFfTQ","group_cyCq9G","group_tdPFFy","footer_utilities_KRaGcH"],"name":"Footer","settings":{"content_direction":"column","vertical_on_mobile":true,"horizontal_alignment":"center","vertical_alignment":"center","align_baseline":false,"horizontal_alignment_flex_direction_column":"center","vertical_alignment_flex_direction_column":"center","gap":48,"section_width":"page-width","section_height":"","color_scheme":"scheme-46ce7a89-4b67-45d1-b345-d6b58e06d56a","background_media":"none","video_position":"cover","background_image_position":"cover","padding-block-start":0,"padding-block-end":48}}},"order":["footer"]}