{"type":"header","name":"Header","sections":{"header_announcements_DTdhfB":{"type":"header-announcements","blocks":{"announcement_T4YLVE":{"type":"_announcement","settings":{"text":"\"<strong> SAVE50NOW <\/strong>\" Over $500 USD | <a href=\"https:\/\/account.folkmarketgems.com\" target=\"_blank\" title=\"https:\/\/account.folkmarketgems.com\"><strong>Create Account<\/strong><\/a><strong> <\/strong>","link":"","font":"var(--font-body--family)","font_size":"0.875rem","weight":"100","letter_spacing":"normal","case":"none"},"blocks":{}}},"block_order":["announcement_T4YLVE"],"settings":{"speed":5,"section_width":"full-width","color_scheme":"scheme-46ce7a89-4b67-45d1-b345-d6b58e06d56a","divider_width":0,"padding-block-start":15,"padding-block-end":15}},"header_section":{"type":"header","blocks":{"header-logo":{"type":"_header-logo","static":true,"settings":{"hide_logo_on_home_page":false,"custom_height":39,"custom_height_mobile":50,"padding-block-start":0,"padding-block-end":0,"padding-inline-start":0,"padding-inline-end":0},"blocks":{}},"header-menu":{"type":"_header-menu","static":true,"settings":{"menu":"dawn-menu","menu_style":"featured_products","featured_products_aspect_ratio":"1 \/ 1","featured_collections_aspect_ratio":"16 \/ 9","image_border_radius":32,"product_title_case":"default","collection_title_case":"default","color_scheme":"","menu_font_style":"regular","type_font_primary_link":"body","type_font_primary_size":"1rem","type_case_primary_link":"none","type_font_secondary_link":"body","type_case_secondary_link":"none","type_font_tertiary_link":"body","type_case_tertiary_link":"none","navigation_bar":true,"color_scheme_navigation_bar":"","drawer_accordion":true,"drawer_accordion_expand_first":true,"drawer_dividers":true},"blocks":{}}},"settings":{"logo_position":"left","menu_position":"center","menu_row":"top","show_search":true,"search_position":"right","search_row":"top","show_country":true,"country_selector_style":true,"show_language":true,"localization_font":"heading","localization_font_size":"1rem","localization_position":"right","localization_row":"top","section_width":"page-width","section_height":"compact","enable_sticky_header":"always","divider_width":0,"divider_size":"page-width","border_width":0,"color_scheme_top":"scheme-1","color_scheme_bottom":"","color_scheme_transparent":"scheme-6","enable_transparent_header_home":false,"home_color_scheme":"inverse","enable_transparent_header_product":false,"product_color_scheme":"default","enable_transparent_header_collection":false,"collection_color_scheme":"default"}}},"order":["header_announcements_DTdhfB","header_section"]}