{"sections":{"main":{"type":"main-404","blocks":{"text_GqmVFf":{"type":"text","name":"t:names.text","settings":{"text":"<h1>Page not found<\/h1>","width":"100%","max_width":"normal","alignment":"center","type_preset":"h2","font":"var(--font-primary--family)","font_size":"","line_height":"normal","letter_spacing":"normal","case":"none","wrap":"pretty","color":"","background":false,"background_color":"#00000026","corner_radius":0,"padding-block-start":0,"padding-block-end":0,"padding-inline-start":0,"padding-inline-end":0},"blocks":{}},"text_Ua9XAW":{"type":"text","name":"t:names.text","settings":{"text":"<p>The link may be incorrect, or the page has been removed. <\/p>","width":"100%","max_width":"normal","alignment":"center","type_preset":"rte","font":"var(--font-primary--family)","font_size":"","line_height":"normal","letter_spacing":"normal","case":"none","wrap":"pretty","color":"","background":false,"background_color":"#00000026","corner_radius":0,"padding-block-start":0,"padding-block-end":16,"padding-inline-start":0,"padding-inline-end":0},"blocks":{}},"button_PAQMwR":{"type":"button","name":"t:names.button","settings":{"label":"Continue shopping","link":"shopify:\/\/collections\/all","open_in_new_tab":false,"style_class":"button","width":"fit-content","custom_width":100,"width_mobile":"fit-content","custom_width_mobile":100},"blocks":{}}},"block_order":["text_GqmVFf","text_Ua9XAW","button_PAQMwR"],"settings":{"content_direction":"column","section_width":"page-width","section_height":"small","horizontal_alignment_flex_direction_column":"center","vertical_alignment_flex_direction_column":"center","gap":20,"color_scheme":"","padding-block-start":100,"padding-block-end":100}},"section_gfTtMn":{"type":"section","blocks":{"text_ftrgEf":{"type":"text","name":"t:names.heading","settings":{"text":"<h2>Collection List<\/h2>","width":"fit-content","max_width":"normal","alignment":"left","type_preset":"rte","font":"var(--font-body--family)","font_size":"1rem","line_height":"normal","letter_spacing":"normal","case":"none","wrap":"pretty","color":"var(--color-foreground)","background":false,"background_color":"#00000026","corner_radius":0,"padding-block-start":0,"padding-block-end":0,"padding-inline-start":0,"padding-inline-end":0},"blocks":{}},"ai_gen_block_c64ff6b_NjkxmL":{"type":"ai_gen_block_c64ff6b","name":"Menu Grid","settings":{"layout":"page","columns_desktop":8,"columns_mobile":4,"enable_carousel":false,"grid_gap":10,"menu_shape":"circle","border_radius":8,"color_scheme":"","title_position":"below","title_size":16,"button_position":"overlay","button_border_radius":4,"overlay_opacity":40,"padding_top":20,"padding_bottom":0,"collection_1":"facet-rough-gemstones-for-sale","external_link_1":"","title_1":"","button_text_1":"Shop Now","show_title_1":true,"show_button_1":true,"collection_2":"natural-gemstones-for-sale","external_link_2":"","title_2":"","button_text_2":"Shop Now","show_title_2":true,"show_button_2":true,"collection_3":"lapidary-rough-stone","external_link_3":"","title_3":"","button_text_3":"Shop Now","show_title_3":true,"show_button_3":true,"collection_4":"buy-loose-gemstones-for-jewelry","external_link_4":"","title_4":"","button_text_4":"Shop Now","show_title_4":true,"show_button_4":true,"collection_5":"buy-raw-crystals-for-sale","external_link_5":"","title_5":"","button_text_5":"Shop Now","show_title_5":true,"show_button_5":true,"collection_6":"cabochons-tumbles-gemstones","external_link_6":"","title_6":"","button_text_6":"Shop Now","show_title_6":true,"show_button_6":true,"collection_7":"bulk-mixed-stone-gem-boxes","external_link_7":"","title_7":"","button_text_7":"Shop Now","show_title_7":true,"show_button_7":true,"collection_8":"gemstones-for-beginners","external_link_8":"","title_8":"","button_text_8":"Shop Now","show_title_8":true,"show_button_8":true,"collection_9":"","external_link_9":"","title_9":"","button_text_9":"Shop Now","show_title_9":true,"show_button_9":true,"collection_10":"","external_link_10":"","title_10":"","button_text_10":"Shop Now","show_title_10":true,"show_button_10":true,"collection_11":"","external_link_11":"","title_11":"","button_text_11":"Shop Now","show_title_11":true,"show_button_11":true,"collection_12":"","external_link_12":"","title_12":"","button_text_12":"Shop Now","show_title_12":true,"show_button_12":true,"collection_13":"","external_link_13":"","title_13":"","button_text_13":"Shop Now","show_title_13":true,"show_button_13":true,"collection_14":"","external_link_14":"","title_14":"","button_text_14":"Shop Now","show_title_14":true,"show_button_14":true,"collection_15":"","external_link_15":"","title_15":"","button_text_15":"Shop Now","show_title_15":true,"show_button_15":true,"collection_16":"","external_link_16":"","title_16":"","button_text_16":"Shop Now","show_title_16":true,"show_button_16":true},"blocks":{}}},"block_order":["text_ftrgEf","ai_gen_block_c64ff6b_NjkxmL"],"name":"t:names.custom_section","settings":{"content_direction":"column","vertical_on_mobile":true,"horizontal_alignment":"flex-start","vertical_alignment":"center","align_baseline":false,"horizontal_alignment_flex_direction_column":"flex-start","vertical_alignment_flex_direction_column":"center","gap":12,"section_width":"page-width","section_height":"small","section_height_custom":50,"color_scheme":"","background_media":"none","video_position":"cover","background_image_position":"cover","border":"none","border_width":1,"border_opacity":100,"border_radius":0,"toggle_overlay":false,"overlay_color":"#00000026","overlay_style":"solid","gradient_direction":"to top","padding-block-start":0,"padding-block-end":0}},"section_B74ypf":{"type":"section","blocks":{"ai_gen_block_667d6c6_T7WrLU":{"type":"ai_gen_block_667d6c6","name":"Product Tags","settings":{"show_title":true,"title":"Search by Tags","tag_source":"collection","selected_collection":"natural-gemstones-for-sale","custom_tags":"","max_tags":35,"exclude_tags":"","title_font_size":18,"title_font_weight":"600","title_alignment":"left","title_color":"#000000","title_margin_bottom":16,"tag_font_size":12,"tag_font_weight":"500","tag_text_transform":"none","tag_padding_horizontal":16,"tag_padding_vertical":8,"tag_border_radius":20,"tag_border_width":0,"tag_spacing":6,"tag_background_color":"#f5f5f5","tag_text_color":"#000000","tag_border_color":"#e6e6e6","tag_hover_background_color":"#000000","tag_hover_text_color":"#ffffff","tag_hover_border_color":"#000000","tag_focus_color":"#000f9f","background_color":"#ffffff","container_padding":4,"container_border_radius":8},"blocks":{}},"ai_gen_block_17998d5_HCLxE9":{"type":"ai_gen_block_17998d5","name":"Blog Tags Section","settings":{"selected_blog":"gems-and-mineral-information","show_title":true,"section_title":"Learn About Gems and Minerals","max_tags":20,"show_post_count":false,"enable_structured_data":true,"section_padding":15,"header_spacing":20,"tag_spacing":12,"background_color":"#ffffff","title_color":"#000000","tag_background_color":"#f5f5f5","tag_text_color":"#000000","tag_border_color":"#e6e6e6","tag_hover_background_color":"#000000","tag_hover_text_color":"#ffffff","tag_hover_border_color":"#000000","title_size":24,"tag_font_size":13,"tag_font_weight":"400","tag_padding_vertical":6,"tag_padding_horizontal":12,"tag_border_radius":6,"tag_border_width":0},"blocks":{}}},"block_order":["ai_gen_block_667d6c6_T7WrLU","ai_gen_block_17998d5_HCLxE9"],"name":"t:names.custom_section","settings":{"content_direction":"column","vertical_on_mobile":true,"horizontal_alignment":"flex-start","vertical_alignment":"center","align_baseline":false,"horizontal_alignment_flex_direction_column":"flex-start","vertical_alignment_flex_direction_column":"center","gap":12,"section_width":"page-width","section_height":"small","section_height_custom":50,"color_scheme":"","background_media":"none","video_position":"cover","background_image_position":"cover","border":"none","border_width":1,"border_opacity":100,"border_radius":0,"toggle_overlay":false,"overlay_color":"#00000026","overlay_style":"solid","gradient_direction":"to top","padding-block-start":0,"padding-block-end":0}},"product_list_iA96Tq":{"type":"product-list","blocks":{"static-header":{"type":"_product-list-content","static":true,"settings":{"content_direction":"column","vertical_on_mobile":true,"horizontal_alignment":"flex-start","vertical_alignment":"center","align_baseline":false,"horizontal_alignment_flex_direction_column":"flex-start","vertical_alignment_flex_direction_column":"center","gap":12,"width":"fill","custom_width":100,"width_mobile":"fill","custom_width_mobile":100,"height":"fit","custom_height":100,"inherit_color_scheme":true,"color_scheme":"","background_media":"none","video_position":"cover","background_image_position":"cover","border":"none","border_width":1,"border_opacity":100,"border_radius":0,"padding-block-start":0,"padding-block-end":0,"padding-inline-start":0,"padding-inline-end":0},"blocks":{"collection_link_button_8HqHdD":{"type":"_product-list-button","name":"t:names.product_list_button","settings":{"label":"View all","open_in_new_tab":false,"style_class":"button-secondary","width":"fit-content","custom_width":100,"width_mobile":"custom","custom_width_mobile":100},"blocks":{}},"text_WJEa9Q":{"type":"text","name":"t:names.text","settings":{"text":"<p>Discover something new<\/p>","width":"fit-content","max_width":"normal","alignment":"left","type_preset":"h3","font":"var(--font-primary--family)","font_size":"","line_height":"normal","letter_spacing":"normal","case":"none","wrap":"pretty","color":"","background":false,"background_color":"#00000026","corner_radius":0,"padding-block-start":0,"padding-block-end":0,"padding-inline-start":0,"padding-inline-end":0},"blocks":{}}},"block_order":["collection_link_button_8HqHdD","text_WJEa9Q"]},"static-product-card":{"type":"_product-card","name":"t:names.product_card","static":true,"settings":{"product_card_gap":8,"inherit_color_scheme":true,"color_scheme":"","border":"none","border_width":1,"border_opacity":100,"border_radius":0,"padding-block-start":0,"padding-block-end":0,"padding-inline-start":0,"padding-inline-end":0},"blocks":{"product_card_gallery_wxYqE3":{"type":"_product-card-gallery","name":"t:names.product_card_media","settings":{"image_ratio":"portrait","border":"none","border_width":1,"border_opacity":100,"border_radius":0,"padding-block-start":0,"padding-block-end":0,"padding-inline-start":0,"padding-inline-end":0},"blocks":{}},"group_rtcF9Q":{"type":"_product-card-group","name":"t:names.group","settings":{"link":"","open_in_new_tab":false,"content_direction":"column","vertical_on_mobile":true,"horizontal_alignment":"flex-start","vertical_alignment":"center","align_baseline":false,"horizontal_alignment_flex_direction_column":"flex-start","vertical_alignment_flex_direction_column":"center","gap":4,"width":"fill","custom_width":100,"width_mobile":"fill","custom_width_mobile":100,"height":"fit","custom_height":100,"inherit_color_scheme":true,"color_scheme":"","background_media":"none","video_position":"cover","background_image_position":"cover","border":"none","border_width":1,"border_opacity":100,"border_radius":0,"toggle_overlay":false,"overlay_color":"#00000026","overlay_style":"solid","gradient_direction":"to top","padding-block-start":0,"padding-block-end":0,"padding-inline-start":0,"padding-inline-end":0},"blocks":{"product_title_9E9wr6":{"type":"product-title","name":"t:names.product_title","settings":{"width":"fit-content","max_width":"normal","alignment":"left","type_preset":"rte","font":"var(--font-body--family)","font_size":"1rem","line_height":"normal","letter_spacing":"normal","case":"none","wrap":"pretty","color":"var(--color-foreground)","background":false,"background_color":"#00000026","corner_radius":0,"padding-block-start":0,"padding-block-end":0,"padding-inline-start":0,"padding-inline-end":0},"blocks":{}},"price_HjG4zP":{"type":"price","name":"t:names.product_price","settings":{"show_sale_price_first":true,"show_installments":false,"show_tax_info":false,"type_preset":"h6","width":"100%","alignment":"left","font":"var(--font-body--family)","font_size":"1rem","line_height":"normal","letter_spacing":"normal","case":"none","color":"var(--color-foreground)","padding-block-start":0,"padding-block-end":0,"padding-inline-start":0,"padding-inline-end":0},"blocks":{}},"swatches_gq6jjx":{"type":"swatches","name":"t:names.swatches","settings":{"product_swatches_alignment":"flex-start","product_swatches_alignment_mobile":"flex-start","hide_padding":false,"product_swatches_padding_top":4,"product_swatches_padding_bottom":0,"product_swatches_padding_left":0,"product_swatches_padding_right":0},"blocks":{}}},"block_order":["product_title_9E9wr6","price_HjG4zP","swatches_gq6jjx"]}},"block_order":["product_card_gallery_wxYqE3","group_rtcF9Q"]}},"name":"t:names.products_grid","settings":{"collection":"all","layout_type":"grid","carousel_on_mobile":false,"max_products":4,"columns":4,"mobile_columns":"2","mobile_card_size":"60cqw","columns_gap":12,"rows_gap":24,"icons_style":"arrow","icons_shape":"none","section_width":"page-width","horizontal_alignment":"center","gap":36,"color_scheme":"scheme-1","padding-block-start":48,"padding-block-end":48}}},"order":["main","section_gfTtMn","section_B74ypf","product_list_iA96Tq"]}