{"sections":{"1754595697c5d9fba9":{"type":"_blocks","blocks":{"ai_gen_block_e7afa9c_fFywmU":{"type":"ai_gen_block_e7afa9c","settings":{"home_text":"Home","separator":">","truncate_title":true,"max_title_length":50,"enable_structured_data":true,"font_family":"inter_n4","font_size":14,"mobile_font_size":12,"current_font_weight":"500","text_color":"#666666","link_color":"#000000","link_hover_color":"#333333","current_color":"#666666","separator_color":"#cccccc","padding_top":20,"padding_bottom":12,"item_spacing":8,"separator_size":14,"mobile_padding_top":12,"mobile_padding_bottom":12,"mobile_item_spacing":6,"mobile_separator_size":12,"hide_home_mobile":false,"link_hover_decoration":"underline"},"blocks":{}}},"block_order":["ai_gen_block_e7afa9c_fFywmU"],"name":"Bread Crums","settings":{"content_direction":"column","vertical_on_mobile":true,"horizontal_alignment":"flex-start","vertical_alignment":"center","align_baseline":false,"horizontal_alignment_flex_direction_column":"flex-start","vertical_alignment_flex_direction_column":"center","gap":12,"section_width":"page-width","section_height":"","section_height_custom":50,"color_scheme":"","background_media":"none","video_position":"cover","background_image_position":"cover","border":"none","border_width":1,"border_opacity":100,"border_radius":0,"toggle_overlay":false,"overlay_color":"#00000026","overlay_style":"solid","gradient_direction":"to top","padding-block-start":0,"padding-block-end":0}},"section_9XtKb4":{"type":"section","blocks":{"text_rnVGHU":{"type":"text","name":"t:names.heading","settings":{"text":"<h1>{{ closest.article.title }}<\/h1>","width":"100%","max_width":"none","alignment":"left","type_preset":"h1","font":"var(--font-body--family)","font_size":"1rem","line_height":"normal","letter_spacing":"normal","case":"none","wrap":"pretty","color":"var(--color-foreground)","background":false,"background_color":"#00000026","corner_radius":0,"padding-block-start":19,"padding-block-end":0,"padding-inline-start":33,"padding-inline-end":29},"blocks":{}}},"block_order":["text_rnVGHU"],"name":"t:names.custom_section","settings":{"content_direction":"column","vertical_on_mobile":true,"horizontal_alignment":"flex-start","vertical_alignment":"center","align_baseline":false,"horizontal_alignment_flex_direction_column":"flex-start","vertical_alignment_flex_direction_column":"center","gap":12,"section_width":"full-width","section_height":"","section_height_custom":50,"color_scheme":"","background_media":"none","video_position":"cover","background_image_position":"cover","border":"none","border_width":1,"border_opacity":100,"border_radius":0,"toggle_overlay":false,"overlay_color":"#00000026","overlay_style":"solid","gradient_direction":"to top","padding-block-start":0,"padding-block-end":0}},"17510694067edb0ede":{"type":"_blocks","blocks":{"ai_gen_block_d3e909b_eYkgze":{"type":"ai_gen_block_d3e909b","settings":{"show_header":true,"header_text":"","show_hash":false,"show_empty_message":true,"empty_message":"No tags available","section_margin":24,"section_padding":16,"header_spacing":16,"tag_spacing":8,"border_radius":8,"header_color":"#000000","header_size":20,"header_weight":"600","background_color":"#ffffff","tag_background":"#f5f5f5","tag_text_color":"#000000","tag_border_color":"#e6e6e6","tag_border_width":1,"tag_border_radius":16,"tag_padding_vertical":6,"tag_padding_horizontal":12,"tag_font_size":14,"tag_font_weight":"400","tag_hover_background":"#000000","tag_hover_text_color":"#ffffff","tag_hover_border_color":"#000000","empty_text_color":"#666666"},"blocks":{}}},"block_order":["ai_gen_block_d3e909b_eYkgze"],"settings":{"content_direction":"column","vertical_on_mobile":true,"horizontal_alignment":"flex-start","vertical_alignment":"center","align_baseline":false,"horizontal_alignment_flex_direction_column":"flex-start","vertical_alignment_flex_direction_column":"center","gap":12,"section_width":"page-width","section_height":"","section_height_custom":50,"color_scheme":"","background_media":"none","video_position":"cover","background_image_position":"cover","border":"none","border_width":1,"border_opacity":100,"border_radius":0,"toggle_overlay":false,"overlay_color":"#00000026","overlay_style":"solid","gradient_direction":"to top","padding-block-start":0,"padding-block-end":0}},"section":{"type":"main-blog-post","blocks":{"blog-post-title":{"type":"text","name":"Title","disabled":true,"static":true,"settings":{"text":"<h1>{{ article.title }}<\/h1>","width":"fit-content","max_width":"normal","alignment":"center","type_preset":"h1","font":"var(--font-primary--family)","font_size":"","line_height":"normal","letter_spacing":"normal","case":"none","wrap":"pretty","color":"","background":false,"background_color":"#00000026","corner_radius":0,"padding-block-start":0,"padding-block-end":0,"padding-inline-start":0,"padding-inline-end":0},"blocks":{}},"blog-post-details":{"type":"_blog-post-info-text","name":"Blog post details","static":true,"settings":{"show_date":true,"show_author":true,"type_preset":"paragraph","alignment":"center","show_alignment":true,"padding-block-start":0,"padding-block-end":0},"blocks":{}},"blog-post-image":{"type":"_blog-post-featured-image","static":true,"settings":{"image_ratio":"adapt","width":"fill","custom_width":100,"width_mobile":"fill","custom_width_mobile":100,"height":"fit","border":"none","border_width":1,"border_opacity":100,"border_radius":0,"padding-block-start":0,"padding-block-end":0,"padding-inline-start":0,"padding-inline-end":0},"blocks":{}},"blog-post-content":{"type":"_blog-post-content","static":true,"settings":{},"blocks":{}}},"custom_css":[],"settings":{"content_direction":"column","gap":19,"color_scheme":"","padding-block-start":0,"padding-block-end":31}},"product_list_XbtAaE":{"type":"product-list","blocks":{"static-header":{"type":"_product-list-content","name":"t:names.header","static":true,"settings":{"content_direction":"row","vertical_on_mobile":false,"horizontal_alignment":"space-between","vertical_alignment":"flex-end","align_baseline":true,"horizontal_alignment_flex_direction_column":"flex-start","vertical_alignment_flex_direction_column":"center","gap":12,"width":"fill","custom_width":100,"width_mobile":"fill","custom_width_mobile":100,"height":"fit","custom_height":100,"inherit_color_scheme":true,"color_scheme":"","background_media":"none","video_position":"cover","background_image_position":"cover","border":"none","border_width":1,"border_opacity":100,"border_radius":0,"padding-block-start":0,"padding-block-end":0,"padding-inline-start":0,"padding-inline-end":0},"blocks":{"product_list_text_3QFCRk":{"type":"_product-list-text","name":"t:names.collection_title","settings":{"text":"<h2>{{ closest.collection.title }}<\/h2>","width":"fit-content","max_width":"normal","alignment":"left","type_preset":"h2","font":"var(--font-body--family)","font_size":"","line_height":"normal","letter_spacing":"normal","case":"none","wrap":"pretty","color":"var(--color-foreground)","background":false,"background_color":"#00000026","corner_radius":0,"padding-block-start":0,"padding-block-end":0,"padding-inline-start":0,"padding-inline-end":0},"blocks":{}},"product_list_button_ry8MQE":{"type":"_product-list-button","name":"t:names.product_list_button","settings":{"label":"View all","open_in_new_tab":false,"style_class":"link","width":"fit-content","custom_width":100,"width_mobile":"fit-content","custom_width_mobile":100},"blocks":{}}},"block_order":["product_list_text_3QFCRk","product_list_button_ry8MQE"]},"static-product-card":{"type":"_product-card","name":"t:names.product_card","static":true,"settings":{"product_card_gap":8,"inherit_color_scheme":true,"color_scheme":"","border":"none","border_width":1,"border_opacity":100,"border_radius":0,"padding-block-start":0,"padding-block-end":0,"padding-inline-start":0,"padding-inline-end":0},"blocks":{"product_card_gallery_BFMnVm":{"type":"_product-card-gallery","name":"t:names.product_image","settings":{"image_ratio":"portrait","border":"none","border_width":1,"border_opacity":100,"border_radius":0,"padding-block-start":0,"padding-block-end":0,"padding-inline-start":0,"padding-inline-end":0},"blocks":{}},"group_K3Bj4V":{"type":"_product-card-group","name":"t:names.group","settings":{"link":"","open_in_new_tab":false,"content_direction":"column","vertical_on_mobile":true,"horizontal_alignment":"flex-start","vertical_alignment":"center","align_baseline":false,"horizontal_alignment_flex_direction_column":"flex-start","vertical_alignment_flex_direction_column":"center","gap":4,"width":"fill","custom_width":100,"width_mobile":"fill","custom_width_mobile":100,"height":"fit","custom_height":100,"inherit_color_scheme":true,"color_scheme":"","background_media":"none","video_position":"cover","background_image_position":"cover","border":"none","border_width":1,"border_opacity":100,"border_radius":0,"toggle_overlay":false,"overlay_color":"#00000026","overlay_style":"solid","gradient_direction":"to top","padding-block-start":0,"padding-block-end":0,"padding-inline-start":0,"padding-inline-end":0},"blocks":{"product_title_rn8nzx":{"type":"product-title","name":"t:names.product_title","settings":{"width":"100%","max_width":"normal","alignment":"left","type_preset":"h5","font":"var(--font-body--family)","font_size":"","line_height":"normal","letter_spacing":"normal","case":"none","wrap":"pretty","color":"var(--color-foreground)","background":false,"background_color":"#00000026","corner_radius":0,"padding-block-start":0,"padding-block-end":0,"padding-inline-start":0,"padding-inline-end":0},"blocks":{}},"price_833Ugc":{"type":"price","name":"t:names.product_price","settings":{"show_sale_price_first":true,"show_installments":false,"show_tax_info":false,"type_preset":"","width":"100%","alignment":"left","font":"var(--font-body--family)","font_size":"1rem","line_height":"normal","letter_spacing":"normal","case":"none","color":"var(--color-foreground)","padding-block-start":0,"padding-block-end":0,"padding-inline-start":0,"padding-inline-end":0},"blocks":{}},"swatches_DFyXPE":{"type":"swatches","name":"t:names.swatches","settings":{"product_swatches_alignment":"flex-start","product_swatches_alignment_mobile":"flex-start","hide_padding":false,"product_swatches_padding_top":4,"product_swatches_padding_bottom":0,"product_swatches_padding_left":0,"product_swatches_padding_right":0},"blocks":{}}},"block_order":["product_title_rn8nzx","price_833Ugc","swatches_DFyXPE"]}},"block_order":["product_card_gallery_BFMnVm","group_K3Bj4V"]}},"name":"t:names.products_carousel","settings":{"collection":"{{ article.metafields.custom.collection_type_.value }}","layout_type":"grid","carousel_on_mobile":false,"max_products":10,"columns":5,"mobile_columns":"2","mobile_card_size":"60cqw","columns_gap":8,"rows_gap":36,"icons_style":"arrow","icons_shape":"circle","section_width":"page-width","horizontal_alignment":"flex-start","gap":28,"color_scheme":"scheme-1","padding-block-start":48,"padding-block-end":48}}},"order":["1754595697c5d9fba9","section_9XtKb4","17510694067edb0ede","section","product_list_XbtAaE"]}