{"sections":{"hero_EMFNHL":{"type":"hero","blocks":{"text_ECB6cr":{"type":"text","settings":{"text":"<p>{{ closest.blog.metafields.custom.title_on_image_slider.value }}<\/p>","width":"fit-content","max_width":"narrow","alignment":"left","type_preset":"h1","font":"var(--font-body--family)","font_size":"1rem","line_height":"normal","letter_spacing":"normal","case":"none","wrap":"pretty","color":"var(--color-foreground)","background":false,"background_color":"#00000026","corner_radius":0,"padding-block-start":0,"padding-block-end":0,"padding-inline-start":0,"padding-inline-end":0},"blocks":{}},"text_QUjyND":{"type":"text","settings":{"text":"<p>{{ closest.blog.metafields.custom.small_title_on_image.value }}<\/p>","width":"fit-content","max_width":"narrow","alignment":"left","type_preset":"rte","font":"var(--font-body--family)","font_size":"1rem","line_height":"normal","letter_spacing":"normal","case":"none","wrap":"pretty","color":"var(--color-foreground)","background":false,"background_color":"#00000026","corner_radius":0,"padding-block-start":0,"padding-block-end":32,"padding-inline-start":0,"padding-inline-end":0},"blocks":{}}},"block_order":["text_ECB6cr","text_QUjyND"],"name":"t:names.hero","settings":{"media_type_1":"image","image_1":"shopify:\/\/shop_images\/person-rockhounding-and-crystal-hunting-in-a-mountainous-area-kneeling-on-the-ground-examining-rocks-with-tools-while-surrounded-by-dramatic-mountain-scenery.png","media_type_2":"image","link":"","open_in_new_tab":false,"content_direction":"column","vertical_on_mobile":true,"horizontal_alignment":"flex-start","vertical_alignment":"center","align_baseline":false,"horizontal_alignment_flex_direction_column":"center","vertical_alignment_flex_direction_column":"center","gap":16,"section_width":"page-width","section_height":"medium","section_height_custom":50,"color_scheme":"scheme-5","toggle_overlay":true,"overlay_color":"#00000026","overlay_style":"gradient","gradient_direction":"to top","blurred_reflection":false,"reflection_opacity":75,"padding-block-start":40,"padding-block-end":40}},"section_iHwxpG":{"type":"section","blocks":{"text_4VpEj6":{"type":"text","name":"t:names.text","settings":{"text":"{{ closest.blog.metafields.custom.blog_description | metafield_tag }}","width":"fit-content","max_width":"none","alignment":"left","type_preset":"rte","font":"var(--font-body--family)","font_size":"1rem","line_height":"normal","letter_spacing":"normal","case":"none","wrap":"pretty","color":"var(--color-foreground)","background":false,"background_color":"#00000026","corner_radius":0,"padding-block-start":0,"padding-block-end":0,"padding-inline-start":0,"padding-inline-end":0},"blocks":{}}},"block_order":["text_4VpEj6"],"name":"t:names.custom_section","settings":{"content_direction":"column","vertical_on_mobile":true,"horizontal_alignment":"flex-start","vertical_alignment":"center","align_baseline":false,"horizontal_alignment_flex_direction_column":"flex-start","vertical_alignment_flex_direction_column":"center","gap":12,"section_width":"page-width","section_height":"","section_height_custom":50,"color_scheme":"","background_media":"none","video_position":"cover","background_image_position":"cover","border":"none","border_width":1,"border_opacity":100,"border_radius":0,"toggle_overlay":false,"overlay_color":"#00000026","overlay_style":"solid","gradient_direction":"to top","padding-block-start":0,"padding-block-end":0}},"1752408676e499b9a2":{"type":"_blocks","settings":{"content_direction":"column","vertical_on_mobile":true,"horizontal_alignment":"flex-start","vertical_alignment":"center","align_baseline":false,"horizontal_alignment_flex_direction_column":"flex-start","vertical_alignment_flex_direction_column":"center","gap":12,"section_width":"page-width","section_height":"","section_height_custom":50,"color_scheme":"","background_media":"none","video_position":"cover","background_image_position":"cover","border":"none","border_width":1,"border_opacity":100,"border_radius":0,"toggle_overlay":false,"overlay_color":"#00000026","overlay_style":"solid","gradient_direction":"to top","padding-block-start":0,"padding-block-end":0}},"main":{"type":"main-blog","blocks":{"title":{"type":"text","name":"Title","settings":{"text":"<p>{{ closest.blog.title }}<\/p>","width":"fit-content","max_width":"narrow","alignment":"left","type_preset":"h2","font":"var(--font-primary--family)","font_size":"","line_height":"normal","letter_spacing":"normal","case":"none","wrap":"pretty","color":"","background":false,"background_color":"#00000026","corner_radius":0,"padding-block-start":48,"padding-block-end":48,"padding-inline-start":0,"padding-inline-end":0},"blocks":{}},"static-blog-post-card":{"type":"_blog-post-card","static":true,"settings":{"alignment":"left"},"blocks":{"heading":{"type":"_heading","name":"t:names.title","static":true,"settings":{"type_preset":"h4","font":"var(--font-primary--family)","font_size":"","line_height":"normal","letter_spacing":"normal","case":"none","wrap":"pretty","color":"","text":"","read_only":true,"alignment":"left","show_alignment":false,"padding-block-start":0,"padding-block-end":10,"padding-inline-start":0,"padding-inline-end":0},"blocks":{}},"blog-post-details":{"type":"_blog-post-info-text","name":"t:names.details","static":true,"settings":{"show_date":true,"show_author":false,"type_preset":"","alignment":"left","show_alignment":false,"padding-block-start":0,"padding-block-end":0},"blocks":{}},"image":{"type":"_blog-post-image","static":true,"settings":{"height":"large","border":"none","border_width":1,"border_opacity":100,"border_radius":4},"blocks":{}}},"block_order":[]}},"block_order":["title"],"settings":{"color_scheme":"","padding-block-start":0,"padding-block-end":48}}},"order":["hero_EMFNHL","section_iHwxpG","1752408676e499b9a2","main"]}