{"sections":{"main":{"type":"main-blog","blocks":{"title":{"type":"text","name":"Title","settings":{"text":"<p>{{ closest.blog.title }}<\/p>","width":"100%","max_width":"none","alignment":"left","type_preset":"h2","font":"var(--font-primary--family)","font_size":"","line_height":"normal","letter_spacing":"normal","case":"none","wrap":"pretty","color":"","background":false,"background_color":"#00000026","corner_radius":0,"padding-block-start":48,"padding-block-end":48,"padding-inline-start":0,"padding-inline-end":0},"blocks":{}},"ai_gen_block_17998d5_gtHytG":{"type":"ai_gen_block_17998d5","name":"Blog Tags Section","settings":{"selected_blog":"birthstones-for-each-month","show_title":true,"section_title":"Browse by Tags","max_tags":20,"show_post_count":false,"enable_structured_data":true,"section_padding":15,"header_spacing":20,"tag_spacing":7,"background_color":"#ffffff","title_color":"#000000","tag_background_color":"#f5f5f5","tag_text_color":"#000000","tag_border_color":"#e6e6e6","tag_hover_background_color":"#000000","tag_hover_text_color":"#ffffff","tag_hover_border_color":"#000000","title_size":24,"tag_font_size":14,"tag_font_weight":"500","tag_padding_vertical":4,"tag_padding_horizontal":12,"tag_border_radius":20,"tag_border_width":1},"blocks":{}},"text_yLbdPq":{"type":"text","name":"t:names.text","disabled":true,"settings":{"text":"<h4>Tags and Categories<\/h4><p><a href=\"https:\/\/www.folkmarketgems.com\/blogs\/birthstones-for-each-month\" target=\"_blank\" title=\"https:\/\/www.folkmarketgems.com\/blogs\/birthstones-for-each-month\">All articles<\/a>,  <a href=\"https:\/\/www.folkmarketgems.com\/blogs\/birthstones-for-each-month\/tagged\/a-to-z-gemstones\">A to Z Gemstones<\/a>, <a href=\"https:\/\/www.folkmarketgems.com\/blogs\/birthstones-for-each-month\/tagged\/april-birthstone\">April Birthstone<\/a>, <a href=\"https:\/\/www.folkmarketgems.com\/blogs\/birthstones-for-each-month\/tagged\/august-brithstone\">August Brithstone<\/a>, <a href=\"https:\/\/www.folkmarketgems.com\/blogs\/birthstones-for-each-month\/tagged\/birthstone-chart\">Birthstone Chart<\/a>, <a href=\"https:\/\/www.folkmarketgems.com\/blogs\/birthstones-for-each-month\/tagged\/december-birthstones\">December Birthstones<\/a>, <a href=\"https:\/\/www.folkmarketgems.com\/blogs\/birthstones-for-each-month\/tagged\/did-you-know\">Did you Know?<\/a>, <a href=\"https:\/\/www.folkmarketgems.com\/blogs\/birthstones-for-each-month\/tagged\/faqs-of-gems\">FAQs of Gems,<\/a> <a href=\"https:\/\/www.folkmarketgems.com\/blogs\/birthstones-for-each-month\/tagged\/february-birthstone\">February Birthstone,<\/a> <a href=\"https:\/\/www.folkmarketgems.com\/blogs\/birthstones-for-each-month\/tagged\/january-birthstone\">January Birthstone<\/a>, <a href=\"https:\/\/www.folkmarketgems.com\/blogs\/birthstones-for-each-month\/tagged\/july-birthstone\">July Birthstone<\/a>, <a href=\"https:\/\/www.folkmarketgems.com\/blogs\/birthstones-for-each-month\/tagged\/june-birthstone\">June Birthstone<\/a>, <a href=\"https:\/\/www.folkmarketgems.com\/blogs\/birthstones-for-each-month\/tagged\/march-brithstones\">March Brithstones<\/a>, <a href=\"https:\/\/www.folkmarketgems.com\/blogs\/birthstones-for-each-month\/tagged\/may-birthstones\">May Birthstones<\/a>, <a href=\"https:\/\/www.folkmarketgems.com\/blogs\/birthstones-for-each-month\/tagged\/november-birthstone\">November Birthstone<\/a>, <a href=\"https:\/\/www.folkmarketgems.com\/blogs\/birthstones-for-each-month\/tagged\/september-birthstone\">september birthstone<\/a><\/p>","width":"fit-content","max_width":"none","alignment":"left","type_preset":"rte","font":"var(--font-body--family)","font_size":"1rem","line_height":"normal","letter_spacing":"normal","case":"none","wrap":"pretty","color":"var(--color-foreground)","background":true,"background_color":"#00000017","corner_radius":0,"padding-block-start":0,"padding-block-end":0,"padding-inline-start":0,"padding-inline-end":0},"blocks":{}},"static-blog-post-card":{"type":"_blog-post-card","static":true,"settings":{"alignment":"left"},"blocks":{"heading":{"type":"_heading","name":"t:names.title","static":true,"settings":{"type_preset":"h4","font":"var(--font-primary--family)","font_size":"","line_height":"normal","letter_spacing":"normal","case":"none","wrap":"pretty","color":"","text":"","read_only":true,"alignment":"left","show_alignment":false,"padding-block-start":0,"padding-block-end":10,"padding-inline-start":0,"padding-inline-end":0},"blocks":{}},"blog-post-details":{"type":"_blog-post-info-text","name":"t:names.details","static":true,"settings":{"show_date":true,"show_author":false,"type_preset":"","alignment":"left","show_alignment":false,"padding-block-start":0,"padding-block-end":0},"blocks":{}},"content":{"type":"_blog-post-description","static":true,"settings":{"type_preset":"rte","font":"var(--font-body--family)","font_size":"1rem","line_height":"normal","letter_spacing":"normal","case":"none","wrap":"pretty","color":"var(--color-foreground)","padding-block-start":16,"padding-block-end":0},"blocks":{}},"image":{"type":"_blog-post-image","static":true,"settings":{"height":"large","border":"none","border_width":1,"border_opacity":100,"border_radius":4},"blocks":{}}},"block_order":[]}},"block_order":["title","ai_gen_block_17998d5_gtHytG","text_yLbdPq"],"settings":{"color_scheme":"","padding-block-start":0,"padding-block-end":48}}},"order":["main"]}