{"sections":{"hero_xA3qff":{"type":"hero","blocks":{"text_bkeArV":{"type":"text","settings":{"text":"<h1><strong>Welcome to our blog dedicated for Minerals and Gemstones Learning, Gemology, Mineralogy<\/strong><\/h1>","width":"fit-content","max_width":"none","alignment":"left","type_preset":"h1","font":"var(--font-body--family)","font_size":"1rem","line_height":"normal","letter_spacing":"normal","case":"none","wrap":"pretty","color":"var(--color-foreground)","background":false,"background_color":"#00000026","corner_radius":0,"padding-block-start":0,"padding-block-end":0,"padding-inline-start":0,"padding-inline-end":0},"blocks":{}},"text_NQbbet":{"type":"text","settings":{"text":"","width":"fit-content","max_width":"narrow","alignment":"left","type_preset":"rte","font":"var(--font-body--family)","font_size":"1rem","line_height":"normal","letter_spacing":"normal","case":"none","wrap":"pretty","color":"var(--color-foreground)","background":false,"background_color":"#00000026","corner_radius":0,"padding-block-start":0,"padding-block-end":32,"padding-inline-start":0,"padding-inline-end":0},"blocks":{}}},"block_order":["text_bkeArV","text_NQbbet"],"name":"t:names.hero","settings":{"media_type_1":"image","image_1":"shopify:\/\/shop_images\/person-rockhounding-and-crystal-hunting-in-a-mountainous-area-kneeling-on-the-ground-examining-rocks-with-tools-while-surrounded-by-dramatic-mountain-scenery.png","media_type_2":"image","link":"","open_in_new_tab":false,"content_direction":"column","vertical_on_mobile":true,"horizontal_alignment":"flex-start","vertical_alignment":"center","align_baseline":false,"horizontal_alignment_flex_direction_column":"center","vertical_alignment_flex_direction_column":"center","gap":16,"section_width":"page-width","section_height":"large","section_height_custom":50,"color_scheme":"scheme-5","toggle_overlay":true,"overlay_color":"#0000004d","overlay_style":"solid","gradient_direction":"to top","blurred_reflection":false,"reflection_opacity":75,"padding-block-start":7,"padding-block-end":5}},"section_qpEQqp":{"type":"section","blocks":{"text_aYiVRM":{"type":"text","name":"t:names.text","settings":{"text":"<p>Here, we take pride to share with you comprehensive researches, providing valuable insights and information about natural gemstones and minerals. Our content covers a wide array of topics, including:-<\/p><ol><li><strong>Research Works on Gems and Minerals:<\/strong> Stay updated with the latest scientific research and discoveries in the field of gemology and mineralogy. We explore cutting-edge studies , plan exploration plans, gemstone hunting activities to share insights into the characteristics and properties of various gemstones and minerals.<\/li><li><strong>Geology and Mineralogy of Gemstones<\/strong>: Explore the geological processes behind the formation of gemstones. Learn about the environments, conditions, and geological events that contribute to the creation of these precious natural wonders. We have highlighted the details of mineralogy, understanding the composition and structure of different types of gemstones and minerals. Explore the unique properties that make each stone distinct and valuable.<\/li><li><strong>healing crystals<\/strong><\/li><li><strong>Gemstones and Crystal Shopping<\/strong><\/li><li><strong>Faceting and Lapidary Tips and Techniques<\/strong><\/li><li><strong>Birthstones<\/strong><\/li><li><strong>Information about Precious-stones and semi-precious stones list<\/strong><\/li><li><strong>Gemstone Jewelry Designing Tips<\/strong><\/li><li><strong>Exploring Geography and Gemstone Mining:<\/strong> Discover the geographical locations around the globe where gemstones are mined. From the depths of mines to the surface of the earth, we explore the journey of gemstones from their origins to their extraction.<\/li><li><strong>New Findings in Gemstones:<\/strong> Learn about the latest discoveries s in the gemstone realm. Our blog keeps you updated on new gemstone deposits, rare earth minerals finds, and emerging trends in the gemstone industry.<\/li><li><strong>Crystal Structure and Formation: <\/strong>Gain insights into the e crystal structures and formation processes of gemstones and minerals. Explore the science behind their unique shapes, colors, and properties.<\/li><li><strong>Scientific Facts and Insights:<\/strong> Delight in learning fascinating scientific facts and insights about gemstones and minerals. From their historical significance to their cultural symbolism, we cover a diverse range of topics related to these natural marvels.<\/li><\/ol><p>Whether you're a student of gemologist, a curious gemstone enthusiast, or simply someone with a passion for natural beauty and science, our blog aims to provide valuable resources and engaging content to deepen your understanding and appreciation of gemstones and minerals. Join us on this exciting journey of discovery!<\/p>","width":"fit-content","max_width":"none","alignment":"left","type_preset":"rte","font":"var(--font-body--family)","font_size":"1rem","line_height":"normal","letter_spacing":"normal","case":"none","wrap":"pretty","color":"var(--color-foreground)","background":false,"background_color":"#00000026","corner_radius":0,"padding-block-start":0,"padding-block-end":0,"padding-inline-start":0,"padding-inline-end":0},"blocks":{}},"ai_gen_block_17998d5_gAEKKL":{"type":"ai_gen_block_17998d5","name":"Blog Tags Section","settings":{"selected_blog":"gems-and-mineral-information","show_title":true,"section_title":"Browse by Tags","max_tags":20,"show_post_count":false,"enable_structured_data":true,"section_padding":40,"header_spacing":20,"tag_spacing":12,"background_color":"#ffffff","title_color":"#000000","tag_background_color":"#f5f5f5","tag_text_color":"#000000","tag_border_color":"#e6e6e6","tag_hover_background_color":"#000000","tag_hover_text_color":"#ffffff","tag_hover_border_color":"#000000","title_size":30,"tag_font_size":13,"tag_font_weight":"400","tag_padding_vertical":4,"tag_padding_horizontal":12,"tag_border_radius":20,"tag_border_width":1},"blocks":{}},"text_rHr4y6":{"type":"text","disabled":true,"settings":{"text":"<p><a href=\"https:\/\/www.folkmarketgems.com\/blogs\/gems-and-mineral-information\" target=\"_blank\" title=\"https:\/\/www.folkmarketgems.com\/blogs\/gems-and-mineral-information\">All articles<\/a>, <a href=\"https:\/\/www.folkmarketgems.com\/blogs\/gems-and-mineral-information\/tagged\/a-to-z-gemstones\">A to Z Gemstones<\/a>, <a href=\"https:\/\/www.folkmarketgems.com\/blogs\/folkmarket-gemstone-adventures-stories\" target=\"_blank\" title=\"https:\/\/www.folkmarketgems.com\/blogs\/folkmarket-gemstone-adventures-stories\">About Folkmarket <\/a>, <a href=\"https:\/\/www.folkmarketgems.com\/blogs\/gems-and-mineral-information\/tagged\/birthstone-chart\" target=\"_blank\" title=\"https:\/\/www.folkmarketgems.com\/blogs\/gems-and-mineral-information\/tagged\/birthstone-chart\">Gems Birthstone Chart<\/a>, <a href=\"https:\/\/www.folkmarketgems.com\/blogs\/gems-and-mineral-information\/tagged\/crystal-healings\" target=\"_blank\" title=\"https:\/\/www.folkmarketgems.com\/blogs\/gems-and-mineral-information\/tagged\/crystal-healings\">Crystal Healings,<\/a> <a href=\"https:\/\/www.folkmarketgems.com\/blogs\/gems-and-mineral-information\/tagged\/did-you-know\">Did you Know?<\/a>, <a href=\"https:\/\/www.folkmarketgems.com\/blogs\/gems-and-mineral-information\/tagged\/faqs-of-gems\">FAQs of Gems<\/a>, <a href=\"https:\/\/www.folkmarketgems.com\/blogs\/gems-and-mineral-information\/tagged\/gems-and-minerals-price-guide\" target=\"_blank\" title=\"https:\/\/www.folkmarketgems.com\/blogs\/gems-and-mineral-information\/tagged\/gems-and-minerals-price-guide\">gems and Minerals Price guide<\/a>,<a href=\"https:\/\/www.folkmarketgems.com\/blogs\/gems-and-mineral-information\/tagged\/gems-hunting-tours\">Gems Hunting Tours<\/a>,  <a href=\"https:\/\/www.folkmarketgems.com\/blogs\/gems-and-mineral-information\/tagged\/gems-investment-guidelines\" target=\"_blank\" title=\"https:\/\/www.folkmarketgems.com\/blogs\/gems-and-mineral-information\/tagged\/gems-investment-guidelines\">Gems Investment Guidelines,<\/a>  <a href=\"https:\/\/www.folkmarketgems.com\/blogs\/gems-and-mineral-information\/tagged\/gemstone-buying-guide\">gemstone buying guide<\/a>,  <a href=\"https:\/\/www.folkmarketgems.com\/blogs\/gems-and-mineral-information\/tagged\/gemstone-identification\">gemstone identification<\/a>,  <a href=\"https:\/\/www.folkmarketgems.com\/blogs\/gems-and-mineral-information\/tagged\/how-to\" target=\"_blank\" title=\"https:\/\/www.folkmarketgems.com\/blogs\/gems-and-mineral-information\/tagged\/how-to\">How to?<\/a>,  <a href=\"https:\/\/www.folkmarketgems.com\/blogs\/gems-and-mineral-information\/tagged\/lapidary-tips\">Lapidary , Tips<\/a>,  <a href=\"https:\/\/www.folkmarketgems.com\/blogs\/gems-and-mineral-information\/tagged\/market-trends-of-gemstones-and-jewelry\">Market Trends of Gemstones and Jewelry<\/a>, <a href=\"https:\/\/www.folkmarketgems.com\/blogs\/gems-and-mineral-information\/tagged\/news\">News<\/a>,<a href=\"https:\/\/www.folkmarketgems.com\/blogs\/gems-and-mineral-information\/tagged\/rare-earth-minerals\">Rare Earth Minerals<\/a>, <a href=\"https:\/\/www.folkmarketgems.com\/blogs\/gems-and-mineral-information\/tagged\/technical-and-scientific-facts-about-gemstones\" target=\"_blank\" title=\"https:\/\/www.folkmarketgems.com\/blogs\/gems-and-mineral-information\/tagged\/technical-and-scientific-facts-about-gemstones\">Technical and Scientific Facts about Gemstones<\/a>,<a href=\"https:\/\/www.folkmarketgems.com\/blogs\/gems-and-mineral-information\/tagged\/tips\">Tips<\/a><\/p>","width":"100%","max_width":"none","alignment":"left","type_preset":"rte","font":"var(--font-body--family)","font_size":"1rem","line_height":"normal","letter_spacing":"normal","case":"none","wrap":"pretty","color":"var(--color-foreground)","background":false,"background_color":"#00000026","corner_radius":0,"padding-block-start":0,"padding-block-end":0,"padding-inline-start":0,"padding-inline-end":0},"blocks":{}}},"block_order":["text_aYiVRM","ai_gen_block_17998d5_gAEKKL","text_rHr4y6"],"name":"t:names.pull_quote","settings":{"content_direction":"column","vertical_on_mobile":true,"horizontal_alignment":"flex-start","vertical_alignment":"center","align_baseline":false,"horizontal_alignment_flex_direction_column":"flex-start","vertical_alignment_flex_direction_column":"center","gap":16,"section_width":"page-width","section_height":"","section_height_custom":50,"color_scheme":"","background_media":"none","video_position":"cover","background_image_position":"cover","border":"none","border_width":1,"border_opacity":100,"border_radius":0,"toggle_overlay":false,"overlay_color":"#00000026","overlay_style":"solid","gradient_direction":"to top","padding-block-start":5,"padding-block-end":5}},"17510698910f82fa18":{"type":"_blocks","settings":{"content_direction":"column","vertical_on_mobile":true,"horizontal_alignment":"flex-start","vertical_alignment":"center","align_baseline":false,"horizontal_alignment_flex_direction_column":"flex-start","vertical_alignment_flex_direction_column":"center","gap":12,"section_width":"page-width","section_height":"","section_height_custom":50,"color_scheme":"","background_media":"none","video_position":"cover","background_image_position":"cover","border":"none","border_width":1,"border_opacity":100,"border_radius":0,"toggle_overlay":false,"overlay_color":"#00000026","overlay_style":"solid","gradient_direction":"to top","padding-block-start":0,"padding-block-end":0}},"main":{"type":"main-blog","blocks":{"title":{"type":"text","name":"Title","settings":{"text":"<p>{{ closest.blog.title }}<\/p>","width":"fit-content","max_width":"none","alignment":"left","type_preset":"h2","font":"var(--font-primary--family)","font_size":"","line_height":"normal","letter_spacing":"normal","case":"none","wrap":"pretty","color":"","background":false,"background_color":"#00000026","corner_radius":0,"padding-block-start":48,"padding-block-end":48,"padding-inline-start":0,"padding-inline-end":0},"blocks":{}},"text_gCx3Pc":{"type":"text","name":"t:names.text","settings":{"text":"","width":"fit-content","max_width":"normal","alignment":"left","type_preset":"rte","font":"var(--font-body--family)","font_size":"1rem","line_height":"normal","letter_spacing":"normal","case":"none","wrap":"pretty","color":"var(--color-foreground)","background":false,"background_color":"#00000026","corner_radius":0,"padding-block-start":0,"padding-block-end":0,"padding-inline-start":0,"padding-inline-end":0},"blocks":{}},"static-blog-post-card":{"type":"_blog-post-card","static":true,"settings":{"alignment":"left"},"blocks":{"heading":{"type":"_heading","name":"t:names.title","static":true,"settings":{"type_preset":"h4","font":"var(--font-primary--family)","font_size":"","line_height":"normal","letter_spacing":"normal","case":"none","wrap":"pretty","color":"","text":"","read_only":true,"alignment":"left","show_alignment":false,"padding-block-start":0,"padding-block-end":10,"padding-inline-start":0,"padding-inline-end":0},"blocks":{}},"blog-post-details":{"type":"_blog-post-info-text","name":"t:names.details","static":true,"settings":{"show_date":true,"show_author":false,"type_preset":"","alignment":"left","show_alignment":false,"padding-block-start":0,"padding-block-end":0},"blocks":{}},"content":{"type":"_blog-post-description","static":true,"settings":{"type_preset":"rte","font":"var(--font-body--family)","font_size":"1rem","line_height":"normal","letter_spacing":"normal","case":"none","wrap":"pretty","color":"var(--color-foreground)","padding-block-start":16,"padding-block-end":0},"blocks":{}},"image":{"type":"_blog-post-image","static":true,"settings":{"height":"large","border":"none","border_width":1,"border_opacity":100,"border_radius":4},"blocks":{}}},"block_order":[]}},"block_order":["title","text_gCx3Pc"],"settings":{"color_scheme":"","padding-block-start":0,"padding-block-end":48}},"product_list_c3rJVJ":{"type":"product-list","blocks":{"static-header":{"type":"_product-list-content","name":"t:names.header","static":true,"settings":{"content_direction":"row","vertical_on_mobile":false,"horizontal_alignment":"space-between","vertical_alignment":"flex-end","align_baseline":true,"horizontal_alignment_flex_direction_column":"flex-start","vertical_alignment_flex_direction_column":"center","gap":12,"width":"fill","custom_width":100,"width_mobile":"fill","custom_width_mobile":100,"height":"fit","custom_height":100,"inherit_color_scheme":true,"color_scheme":"","background_media":"none","video_position":"cover","background_image_position":"cover","border":"none","border_width":1,"border_opacity":100,"border_radius":0,"padding-block-start":0,"padding-block-end":0,"padding-inline-start":0,"padding-inline-end":0},"blocks":{"product_list_text_rB9yg9":{"type":"_product-list-text","name":"t:names.collection_title","settings":{"text":"<h2>Shop Natural Gemstones and Crystals<\/h2>","width":"fit-content","max_width":"none","alignment":"left","type_preset":"rte","font":"var(--font-body--family)","font_size":"","line_height":"normal","letter_spacing":"normal","case":"none","wrap":"pretty","color":"var(--color-foreground)","background":false,"background_color":"#00000026","corner_radius":0,"padding-block-start":0,"padding-block-end":0,"padding-inline-start":0,"padding-inline-end":0},"blocks":{}},"product_list_button_97Wrtk":{"type":"_product-list-button","name":"t:names.product_list_button","settings":{"label":"View all","open_in_new_tab":false,"style_class":"link","width":"fit-content","custom_width":100,"width_mobile":"fit-content","custom_width_mobile":100},"blocks":{}}},"block_order":["product_list_text_rB9yg9","product_list_button_97Wrtk"]},"static-product-card":{"type":"_product-card","name":"t:names.product_card","static":true,"settings":{"product_card_gap":8,"inherit_color_scheme":true,"color_scheme":"","border":"none","border_width":1,"border_opacity":100,"border_radius":0,"padding-block-start":0,"padding-block-end":0,"padding-inline-start":0,"padding-inline-end":0},"blocks":{"product_card_gallery_JCPJMG":{"type":"_product-card-gallery","name":"t:names.product_image","settings":{"image_ratio":"portrait","border":"none","border_width":1,"border_opacity":100,"border_radius":0,"padding-block-start":0,"padding-block-end":0,"padding-inline-start":0,"padding-inline-end":0},"blocks":{}},"group_be7cXb":{"type":"_product-card-group","name":"t:names.group","settings":{"link":"","open_in_new_tab":false,"content_direction":"column","vertical_on_mobile":true,"horizontal_alignment":"flex-start","vertical_alignment":"center","align_baseline":false,"horizontal_alignment_flex_direction_column":"flex-start","vertical_alignment_flex_direction_column":"center","gap":4,"width":"fill","custom_width":100,"width_mobile":"fill","custom_width_mobile":100,"height":"fit","custom_height":100,"inherit_color_scheme":true,"color_scheme":"","background_media":"none","video_position":"cover","background_image_position":"cover","border":"none","border_width":1,"border_opacity":100,"border_radius":0,"toggle_overlay":false,"overlay_color":"#00000026","overlay_style":"solid","gradient_direction":"to top","padding-block-start":0,"padding-block-end":0,"padding-inline-start":0,"padding-inline-end":0},"blocks":{"product_title_pNdjLD":{"type":"product-title","name":"t:names.product_title","settings":{"width":"100%","max_width":"normal","alignment":"left","type_preset":"h5","font":"var(--font-body--family)","font_size":"","line_height":"normal","letter_spacing":"normal","case":"none","wrap":"pretty","color":"var(--color-foreground)","background":false,"background_color":"#00000026","corner_radius":0,"padding-block-start":0,"padding-block-end":0,"padding-inline-start":0,"padding-inline-end":0},"blocks":{}},"price_Fzr8aX":{"type":"price","name":"t:names.product_price","settings":{"show_sale_price_first":true,"show_installments":false,"show_tax_info":false,"type_preset":"","width":"100%","alignment":"left","font":"var(--font-body--family)","font_size":"1rem","line_height":"normal","letter_spacing":"normal","case":"none","color":"var(--color-foreground)","padding-block-start":0,"padding-block-end":0,"padding-inline-start":0,"padding-inline-end":0},"blocks":{}},"swatches_9Awn9c":{"type":"swatches","name":"t:names.swatches","settings":{"product_swatches_alignment":"flex-start","product_swatches_alignment_mobile":"flex-start","hide_padding":false,"product_swatches_padding_top":4,"product_swatches_padding_bottom":0,"product_swatches_padding_left":0,"product_swatches_padding_right":0},"blocks":{}}},"block_order":["product_title_pNdjLD","price_Fzr8aX","swatches_9Awn9c"]}},"block_order":["product_card_gallery_JCPJMG","group_be7cXb"]}},"name":"t:names.products_carousel","settings":{"collection":"natural-gemstones-for-sale","layout_type":"grid","carousel_on_mobile":false,"max_products":10,"columns":5,"mobile_columns":"2","mobile_card_size":"60cqw","columns_gap":8,"rows_gap":36,"icons_style":"arrow","icons_shape":"circle","section_width":"page-width","horizontal_alignment":"flex-start","gap":28,"color_scheme":"scheme-1","padding-block-start":48,"padding-block-end":48}}},"order":["hero_xA3qff","section_qpEQqp","17510698910f82fa18","main","product_list_c3rJVJ"]}