{"sections":{"hero_BQtjKi":{"type":"hero","blocks":{"text_BDTpt6":{"type":"text","settings":{"text":"<h1>Explore Rockhounding, Folkmarket Gems Hunting Adventures<\/h1>","width":"fit-content","max_width":"none","alignment":"left","type_preset":"h1","font":"var(--font-body--family)","font_size":"1rem","line_height":"normal","letter_spacing":"normal","case":"none","wrap":"pretty","color":"var(--color-foreground)","background":true,"background_color":"#00000026","corner_radius":0,"padding-block-start":0,"padding-block-end":0,"padding-inline-start":0,"padding-inline-end":0},"blocks":{}},"text_EmTbtN":{"type":"text","settings":{"text":"<p>Rockhounding, Gemstone Hunting, Travels in search of gemstones and minerals.<\/p>","width":"fit-content","max_width":"none","alignment":"left","type_preset":"rte","font":"var(--font-body--family)","font_size":"1rem","line_height":"normal","letter_spacing":"normal","case":"none","wrap":"pretty","color":"var(--color-foreground)","background":true,"background_color":"#00000026","corner_radius":0,"padding-block-start":0,"padding-block-end":32,"padding-inline-start":0,"padding-inline-end":0},"blocks":{}},"button_Haiwnj":{"type":"button","name":"t:names.button","disabled":true,"settings":{"label":"Shop Now","link":"shopify:\/\/collections\/all","open_in_new_tab":false,"style_class":"button","width":"fit-content","custom_width":100,"width_mobile":"fit-content","custom_width_mobile":100},"blocks":{}}},"block_order":["text_BDTpt6","text_EmTbtN","button_Haiwnj"],"name":"t:names.hero","settings":{"media_type_1":"image","image_1":"shopify:\/\/shop_images\/gemhunting-_1.webp","media_type_2":"image","link":"","open_in_new_tab":false,"content_direction":"column","vertical_on_mobile":true,"horizontal_alignment":"flex-start","vertical_alignment":"center","align_baseline":false,"horizontal_alignment_flex_direction_column":"center","vertical_alignment_flex_direction_column":"center","gap":16,"section_width":"page-width","section_height":"large","section_height_custom":50,"color_scheme":"scheme-5","toggle_overlay":true,"overlay_color":"#00000026","overlay_style":"gradient","gradient_direction":"to top","blurred_reflection":false,"reflection_opacity":75,"padding-block-start":40,"padding-block-end":40}},"main":{"type":"main-blog","blocks":{"title":{"type":"text","name":"Title","settings":{"text":"<p>{{ closest.blog.title }}<\/p>","width":"fit-content","max_width":"narrow","alignment":"left","type_preset":"h2","font":"var(--font-primary--family)","font_size":"","line_height":"normal","letter_spacing":"normal","case":"none","wrap":"pretty","color":"","background":false,"background_color":"#00000026","corner_radius":0,"padding-block-start":48,"padding-block-end":48,"padding-inline-start":0,"padding-inline-end":0},"blocks":{}},"ai_gen_block_17998d5_8bakY8":{"type":"ai_gen_block_17998d5","name":"Blog Tags Section","settings":{"selected_blog":"folkmarket-gemstone-adventures-stories","show_title":true,"section_title":"Browse by Tags","max_tags":20,"show_post_count":false,"enable_structured_data":true,"section_padding":40,"header_spacing":20,"tag_spacing":12,"background_color":"#ffffff","title_color":"#000000","tag_background_color":"#f5f5f5","tag_text_color":"#000000","tag_border_color":"#e6e6e6","tag_hover_background_color":"#000000","tag_hover_text_color":"#ffffff","tag_hover_border_color":"#000000","title_size":24,"tag_font_size":14,"tag_font_weight":"500","tag_padding_vertical":4,"tag_padding_horizontal":10,"tag_border_radius":20,"tag_border_width":1},"blocks":{}},"static-blog-post-card":{"type":"_blog-post-card","static":true,"settings":{"alignment":"left"},"blocks":{"heading":{"type":"_heading","name":"t:names.title","static":true,"settings":{"type_preset":"h4","font":"var(--font-primary--family)","font_size":"","line_height":"normal","letter_spacing":"normal","case":"none","wrap":"pretty","color":"","text":"","read_only":true,"alignment":"left","show_alignment":false,"padding-block-start":0,"padding-block-end":10,"padding-inline-start":0,"padding-inline-end":0},"blocks":{}},"blog-post-details":{"type":"_blog-post-info-text","name":"t:names.details","static":true,"settings":{"show_date":true,"show_author":false,"type_preset":"","alignment":"left","show_alignment":false,"padding-block-start":0,"padding-block-end":0},"blocks":{}},"content":{"type":"_blog-post-description","static":true,"settings":{"type_preset":"rte","font":"var(--font-body--family)","font_size":"1rem","line_height":"normal","letter_spacing":"normal","case":"none","wrap":"pretty","color":"var(--color-foreground)","padding-block-start":16,"padding-block-end":0},"blocks":{}},"image":{"type":"_blog-post-image","static":true,"settings":{"height":"large","border":"none","border_width":1,"border_opacity":100,"border_radius":4},"blocks":{}}},"block_order":[]}},"block_order":["title","ai_gen_block_17998d5_8bakY8"],"settings":{"color_scheme":"","padding-block-start":0,"padding-block-end":48}}},"order":["hero_BQtjKi","main"]}