{"sections":{"175477782007573a4c":{"type":"_blocks","blocks":{"ai_gen_block_4bbe028_w78BVy":{"type":"ai_gen_block_4bbe028","name":"Trust badges","settings":{"full_width":true,"columns_mobile":"2","columns_desktop":"4","badge_spacing":20,"enable_carousel_mobile":true,"enable_carousel_desktop":true,"show_nav_mobile":false,"show_nav_desktop":false,"padding_top":8,"padding_bottom":0,"section_height":200,"background_color":"#ffffff","badge_background_color":"#0000000f","badge_border_color":"#e6e6e6","badge_border_width":0,"badge_border_radius":20,"icon_size":24,"icon_color":"#000000","title_size":14,"title_color":"#000000","description_size":11,"description_color":"#666666","nav_background_color":"#ffffff","nav_icon_color":"#000000","badge_1_title":"Secure Checkout","badge_1_description":"SSL encrypted secure payment","badge_2_title":"Free Shipping","badge_2_description":"Free shipping Available","badge_3_title":"Money Back Guarantee","badge_3_description":"Returns Accepted","badge_4_title":"Customer Support","badge_4_description":"24\/7 customer service"},"blocks":{}}},"block_order":["ai_gen_block_4bbe028_w78BVy"],"name":"Trust Badges","settings":{"content_direction":"column","vertical_on_mobile":true,"horizontal_alignment":"flex-start","vertical_alignment":"center","align_baseline":false,"horizontal_alignment_flex_direction_column":"center","vertical_alignment_flex_direction_column":"center","gap":12,"section_width":"page-width","section_height":"","section_height_custom":50,"color_scheme":"","background_media":"none","video_position":"cover","background_image_position":"cover","border":"none","border_width":1,"border_opacity":100,"border_radius":0,"toggle_overlay":false,"overlay_color":"#00000026","overlay_style":"solid","gradient_direction":"to top","padding-block-start":0,"padding-block-end":0}},"cart-section":{"type":"main-cart","blocks":{"text_KfRCKC":{"type":"text","name":"t:names.heading","settings":{"text":"<h5>Calculate Shipping at Checkout<\/h5>","width":"fit-content","max_width":"normal","alignment":"left","type_preset":"rte","font":"var(--font-body--family)","font_size":"1rem","line_height":"normal","letter_spacing":"normal","case":"none","wrap":"pretty","color":"var(--color-foreground)","background":false,"background_color":"#00000026","corner_radius":0,"padding-block-start":0,"padding-block-end":14,"padding-inline-start":0,"padding-inline-end":0},"blocks":{}},"text_4zfNAT":{"type":"text","name":"t:names.text","settings":{"text":"<p>Pay by Secure Payment  Gateways<\/p>","width":"fit-content","max_width":"normal","alignment":"left","type_preset":"rte","font":"var(--font-body--family)","font_size":"1rem","line_height":"normal","letter_spacing":"normal","case":"none","wrap":"pretty","color":"var(--color-foreground)","background":false,"background_color":"#00000026","corner_radius":0,"padding-block-start":7,"padding-block-end":12,"padding-inline-start":0,"padding-inline-end":0},"blocks":{}},"payment_icons_4wdYdL":{"type":"payment-icons","name":"t:names.payment_icons","settings":{"horizontal_alignment":"flex-start","gap":10,"padding-block-start":0,"padding-block-end":31,"padding-inline-start":0,"padding-inline-end":0},"blocks":{}},"button_7RfFxB":{"type":"button","name":"t:names.button","settings":{"label":"View more for Shopping","link":"shopify:\/\/collections\/all","open_in_new_tab":false,"style_class":"button-secondary","width":"fit-content","custom_width":100,"width_mobile":"custom","custom_width_mobile":100},"blocks":{}},"cart-page-title":{"type":"_cart-title","static":true,"settings":{"title":"Your Cart","show_count":true,"type_preset":"h3","alignment":"left","padding-block-start":0,"padding-block-end":0,"padding-inline-start":0,"padding-inline-end":0},"blocks":{}},"cart-page-items":{"type":"_cart-products","static":true,"settings":{"gap":24,"image_ratio":"portrait","dividers":true,"vendor":false,"padding-block-start":0,"padding-block-end":0,"padding-inline-start":0,"padding-inline-end":0},"blocks":{}},"cart-page-summary":{"type":"_cart-summary","static":true,"settings":{"extend_summary":true,"inherit_color_scheme":false,"color_scheme":"scheme-2","border":"none","border_width":1,"border_opacity":100,"border_radius":0},"blocks":{}}},"block_order":["text_KfRCKC","text_4zfNAT","payment_icons_4wdYdL","button_7RfFxB"],"settings":{"section_width":"page-width","color_scheme":"","padding-block-start":24,"padding-block-end":0}},"custom_liquid_RBbcG8":{"type":"custom-liquid","disabled":true,"name":"t:names.custom_liquid","settings":{"custom_liquid":"<div style=\"background: linear-gradient(135deg, #fff3cd 0%, #ffeaa7 100%); border-radius: 15px; padding: 25px; margin: 20px 0; border: 2px solid #f39c12; position: relative; overflow: hidden;\">\n  <div style=\"position: absolute; top: -10px; right: -10px; background: #e74c3c; color: white; padding: 8px 15px; border-radius: 20px; font-size: 12px; font-weight: bold; transform: rotate(15deg);\">SPECIAL OFFER<\/div>\n  \n  <h3 style=\"color: #856404; margin: 0 0 15px 0; font-size: 24px; text-align: center;\">🎉 Exclusive Birthstone Deals<\/h3>\n  \n  <div style=\"display: grid; grid-template-columns: repeat(auto-fit, minmax(250px, 1fr)); gap: 15px; margin-bottom: 20px;\">\n    \n    <div style=\"background: rgba(255,255,255,0.8); border-radius: 10px; padding: 15px; text-align: center;\">\n      <h4 style=\"color: #842029; margin: 0 0 8px 0;\">💎 RUBY10<\/h4>\n      <p style=\"color: #6c757d; font-size: 14px; margin: 0 0 10px 0;\">Special discount on ruby gemstones<\/p>\n      <span style=\"background: #842029; color: white; padding: 4px 8px; border-radius: 4px; font-size: 12px;\">Use Code: RUBY10<\/span>\n    <\/div>\n    \n    <div style=\"background: rgba(255,255,255,0.8); border-radius: 10px; padding: 15px; text-align: center;\">\n      <h4 style=\"color: #0f5132; margin: 0 0 8px 0;\">🌟 SPECIAL10<\/h4>\n      <p style=\"color: #6c757d; font-size: 14px; margin: 0 0 10px 0;\">Get 10% off on selected gemstones<\/p>\n      <span style=\"background: #0f5132; color: white; padding: 4px 8px; border-radius: 4px; font-size: 12px;\">Use Code: SPECIAL10<\/span>\n    <\/div>\n    \n  <\/div>\n  \n  <div style=\"text-align: center;\">\n    <a style=\"background: linear-gradient(135deg, #e74c3c 0%, #c0392b 100%); color: white; padding: 15px 30px; text-decoration: none; border-radius: 10px; font-weight: bold; font-size: 16px; display: inline-block; box-shadow: 0 4px 8px rgba(0,0,0,0.2);\" href=\"https:\/\/www.folkmarketgems.com\/collections\/gems-sales-deals\/Sales\">🔥 Shop Discounted Gems Now →<\/a>\n  <\/div>\n<\/div>","color_scheme":"","section_width":"page-width","padding-block-start":0,"padding-block-end":0}},"product_list_NNFgcy":{"type":"product-list","blocks":{"static-header":{"type":"_product-list-content","name":"t:names.header","static":true,"settings":{"content_direction":"row","vertical_on_mobile":false,"horizontal_alignment":"space-between","vertical_alignment":"flex-end","align_baseline":true,"horizontal_alignment_flex_direction_column":"flex-start","vertical_alignment_flex_direction_column":"center","gap":12,"width":"fill","custom_width":100,"width_mobile":"fill","custom_width_mobile":100,"height":"fit","custom_height":100,"inherit_color_scheme":true,"color_scheme":"","background_media":"none","video_position":"cover","background_image_position":"cover","border":"none","border_width":1,"border_opacity":100,"border_radius":0,"padding-block-start":0,"padding-block-end":0,"padding-inline-start":0,"padding-inline-end":0},"blocks":{"product_list_text_fifeh4":{"type":"_product-list-text","name":"t:names.collection_title","settings":{"text":"<h3>You may also like<\/h3>","width":"fit-content","max_width":"normal","alignment":"left","type_preset":"rte","font":"var(--font-body--family)","font_size":"","line_height":"normal","letter_spacing":"normal","case":"none","wrap":"pretty","color":"var(--color-foreground)","background":false,"background_color":"#00000026","corner_radius":0,"padding-block-start":0,"padding-block-end":0,"padding-inline-start":0,"padding-inline-end":0},"blocks":{}},"product_list_button_eibbma":{"type":"_product-list-button","name":"t:names.product_list_button","settings":{"label":"View all","open_in_new_tab":false,"style_class":"link","width":"fit-content","custom_width":100,"width_mobile":"fit-content","custom_width_mobile":100},"blocks":{}}},"block_order":["product_list_text_fifeh4","product_list_button_eibbma"]},"static-product-card":{"type":"_product-card","name":"t:names.product_card","static":true,"settings":{"product_card_gap":8,"inherit_color_scheme":true,"color_scheme":"","border":"none","border_width":1,"border_opacity":100,"border_radius":0,"padding-block-start":0,"padding-block-end":0,"padding-inline-start":0,"padding-inline-end":0},"blocks":{"product_card_gallery_PEPpfq":{"type":"_product-card-gallery","name":"t:names.product_card_media","settings":{"image_ratio":"square","border":"none","border_width":1,"border_opacity":100,"border_radius":0,"padding-block-start":0,"padding-block-end":0,"padding-inline-start":0,"padding-inline-end":0},"blocks":{}},"group_U8Leyx":{"type":"_product-card-group","name":"t:names.group","settings":{"link":"","open_in_new_tab":false,"content_direction":"column","vertical_on_mobile":true,"horizontal_alignment":"flex-start","vertical_alignment":"center","align_baseline":false,"horizontal_alignment_flex_direction_column":"flex-start","vertical_alignment_flex_direction_column":"center","gap":4,"width":"fill","custom_width":100,"width_mobile":"fill","custom_width_mobile":100,"height":"fit","custom_height":100,"inherit_color_scheme":true,"color_scheme":"","background_media":"none","video_position":"cover","background_image_position":"cover","border":"none","border_width":1,"border_opacity":100,"border_radius":0,"toggle_overlay":false,"overlay_color":"#00000026","overlay_style":"solid","gradient_direction":"to top","padding-block-start":0,"padding-block-end":0,"padding-inline-start":0,"padding-inline-end":0},"blocks":{"product_title_KDDQC4":{"type":"product-title","name":"t:names.product_title","settings":{"width":"100%","max_width":"normal","alignment":"left","type_preset":"h5","font":"var(--font-body--family)","font_size":"","line_height":"normal","letter_spacing":"normal","case":"none","wrap":"pretty","color":"var(--color-foreground)","background":false,"background_color":"#00000026","corner_radius":0,"padding-block-start":0,"padding-block-end":0,"padding-inline-start":0,"padding-inline-end":0},"blocks":{}},"price_xaXgi9":{"type":"price","name":"t:names.product_price","settings":{"show_sale_price_first":true,"show_installments":false,"show_tax_info":false,"type_preset":"","width":"100%","alignment":"left","font":"var(--font-body--family)","font_size":"1rem","line_height":"normal","letter_spacing":"normal","case":"none","color":"var(--color-foreground)","padding-block-start":0,"padding-block-end":0,"padding-inline-start":0,"padding-inline-end":0},"blocks":{}},"swatches_xBnhpH":{"type":"swatches","name":"t:names.swatches","settings":{"product_swatches_alignment":"flex-start","product_swatches_alignment_mobile":"flex-start","hide_padding":false,"product_swatches_padding_top":4,"product_swatches_padding_bottom":0,"product_swatches_padding_left":0,"product_swatches_padding_right":0},"blocks":{}}},"block_order":["product_title_KDDQC4","price_xaXgi9","swatches_xBnhpH"]}},"block_order":["product_card_gallery_PEPpfq","group_U8Leyx"]}},"name":"t:names.products_grid","settings":{"collection":"all","layout_type":"carousel","carousel_on_mobile":true,"max_products":10,"columns":4,"mobile_columns":"2","mobile_card_size":"44cqw","columns_gap":8,"rows_gap":36,"icons_style":"arrows_large","icons_shape":"circle","section_width":"page-width","horizontal_alignment":"center","gap":28,"color_scheme":"scheme-1","padding-block-start":48,"padding-block-end":48}}},"order":["175477782007573a4c","cart-section","custom_liquid_RBbcG8","product_list_NNFgcy"]}