{"sections":{"section":{"type":"section","blocks":{"text_tqQTNE":{"type":"text","name":"Collection title","settings":{"text":"<h1>{{ closest.collection.title }}<\/h1>","width":"fit-content","max_width":"normal","alignment":"left","type_preset":"h1","font":"var(--font-primary--family)","font_size":"","line_height":"normal","letter_spacing":"normal","case":"none","wrap":"pretty","color":"","background":false,"background_color":"#00000026","corner_radius":0,"padding-block-start":0,"padding-block-end":0,"padding-inline-start":0,"padding-inline-end":0},"blocks":{}},"text_twGGkJ":{"type":"text","name":"t:names.text","settings":{"text":"{{ closest.collection.metafields.custom.intro_rich_text | metafield_tag }}","width":"fit-content","max_width":"none","alignment":"left","type_preset":"rte","font":"var(--font-primary--family)","font_size":"","line_height":"normal","letter_spacing":"normal","case":"none","wrap":"pretty","color":"","background":false,"background_color":"#00000026","corner_radius":0,"padding-block-start":0,"padding-block-end":0,"padding-inline-start":0,"padding-inline-end":0},"blocks":{}}},"block_order":["text_tqQTNE","text_twGGkJ"],"name":"Heading","settings":{"content_direction":"column","vertical_on_mobile":true,"horizontal_alignment":"flex-start","vertical_alignment":"center","align_baseline":false,"horizontal_alignment_flex_direction_column":"flex-start","vertical_alignment_flex_direction_column":"center","gap":12,"section_width":"page-width","section_height":"","section_height_custom":50,"color_scheme":"scheme-1","background_media":"none","video_position":"cover","background_image_position":"cover","border":"none","border_width":1,"border_opacity":100,"border_radius":0,"toggle_overlay":false,"overlay_color":"#00000026","overlay_style":"solid","gradient_direction":"to top","padding-block-start":48,"padding-block-end":0}},"section_YXMcYz":{"type":"section","blocks":{"ai_gen_block_c64ff6b_WdT9DD":{"type":"ai_gen_block_c64ff6b","name":"Menu Grid","settings":{"layout":"page","columns_desktop":8,"columns_mobile":3,"enable_carousel":false,"grid_gap":5,"menu_shape":"circle","border_radius":30,"color_scheme":"","title_position":"below","title_size":14,"button_position":"overlay","button_border_radius":4,"overlay_opacity":40,"padding_top":15,"padding_bottom":10,"collection_1":"","external_link_1":"https:\/\/www.folkmarketgems.com\/collections\/all?sort_by=title-ascending&filter.p.m.custom.deal_type=gid%3A%2F%2Fshopify%2FMetaobject%2F80195223841&filter.p.m.custom.deal_type=gid%3A%2F%2Fshopify%2FMetaobject%2F88529109281&filter.p.m.custom.category_types=gid%3A%2F%2Fshopify%2FMetaobject%2F81791353121&filter.p.m.custom.category_types=gid%3A%2F%2Fshopify%2FMetaobject%2F81791320353&filter.p.m.custom.category_types=gid%3A%2F%2Fshopify%2FMetaobject%2F81791385889","external_image_1":"shopify:\/\/shop_images\/mixed-gemstone343.webp","title_1":"Rough Wholesale","button_text_1":"Shop Now","show_title_1":true,"show_button_1":false,"collection_2":"wholesale-loose-gemstones","external_link_2":"","title_2":"","button_text_2":"Shop Now","show_title_2":true,"show_button_2":false,"collection_3":"","external_link_3":"shopify:\/\/collections\/commercial-quantity-wholesale-raw-gems-industrial-minerals","external_image_3":"shopify:\/\/shop_images\/wholesale_Rough_Gemstones.png","title_3":"Wholesale Industrial","button_text_3":"Shop Now","show_title_3":true,"show_button_3":false,"collection_4":"","external_link_4":"https:\/\/www.folkmarketgems.com\/collections\/all?sort_by=title-ascending&filter.v.price.gte=&filter.v.price.lte=&filter.p.m.custom.deal_type=gid%3A%2F%2Fshopify%2FMetaobject%2F80195027233","external_image_4":"shopify:\/\/shop_images\/wholesale_Rough_Gemstones.png","title_4":"Small Wholesale Deals","button_text_4":"Shop Now","show_title_4":true,"show_button_4":false,"collection_5":"bulk-mixed-stone-gem-boxes","external_link_5":"shopify:\/\/collections\/bulk-mixed-stone-gem-boxes","title_5":"","button_text_5":"Shop Now","show_title_5":true,"show_button_5":false,"collection_6":"","external_link_6":"","title_6":"","button_text_6":"Shop Now","show_title_6":true,"show_button_6":true,"collection_7":"","external_link_7":"","title_7":"","button_text_7":"Shop Now","show_title_7":true,"show_button_7":true,"collection_8":"","external_link_8":"","title_8":"","button_text_8":"Shop Now","show_title_8":true,"show_button_8":true,"collection_9":"","external_link_9":"","title_9":"","button_text_9":"Shop Now","show_title_9":true,"show_button_9":true,"collection_10":"","external_link_10":"","title_10":"","button_text_10":"Shop Now","show_title_10":true,"show_button_10":true,"collection_11":"","external_link_11":"","title_11":"","button_text_11":"Shop Now","show_title_11":true,"show_button_11":true,"collection_12":"","external_link_12":"","title_12":"","button_text_12":"Shop Now","show_title_12":true,"show_button_12":true,"collection_13":"","external_link_13":"","title_13":"","button_text_13":"Shop Now","show_title_13":true,"show_button_13":true,"collection_14":"","external_link_14":"","title_14":"","button_text_14":"Shop Now","show_title_14":true,"show_button_14":true,"collection_15":"","external_link_15":"","title_15":"","button_text_15":"Shop Now","show_title_15":true,"show_button_15":true,"collection_16":"","external_link_16":"","title_16":"","button_text_16":"Shop Now","show_title_16":true,"show_button_16":true},"blocks":{}}},"block_order":["ai_gen_block_c64ff6b_WdT9DD"],"name":"t:names.custom_section","settings":{"content_direction":"row","vertical_on_mobile":true,"horizontal_alignment":"center","vertical_alignment":"center","align_baseline":false,"horizontal_alignment_flex_direction_column":"center","vertical_alignment_flex_direction_column":"center","gap":12,"section_width":"page-width","section_height":"","section_height_custom":50,"color_scheme":"","background_media":"none","video_position":"cover","background_image_position":"cover","border":"none","border_width":1,"border_opacity":100,"border_radius":0,"toggle_overlay":false,"overlay_color":"#00000026","overlay_style":"solid","gradient_direction":"to top","padding-block-start":0,"padding-block-end":0}},"main":{"type":"main-collection","blocks":{"filters":{"type":"filters","static":true,"settings":{"enable_filtering":true,"filter_style":"vertical","filter_width":"centered","text_label_case":"default","show_swatch_label":true,"show_filter_label":true,"enable_sorting":true,"enable_grid_density":true,"inherit_color_scheme":true,"color_scheme":"","padding-block-start":8,"padding-block-end":8,"padding-inline-start":0,"padding-inline-end":0,"facets_margin_bottom":8,"facets_margin_right":20},"blocks":{}},"product-card":{"type":"_product-card","static":true,"settings":{"product_card_gap":12,"inherit_color_scheme":true,"color_scheme":"","border":"none","border_width":1,"border_opacity":100,"border_radius":0,"padding-block-start":0,"padding-block-end":0,"padding-inline-start":0,"padding-inline-end":0},"blocks":{"card-gallery":{"type":"_product-card-gallery","settings":{"image_ratio":"square","border":"none","border_width":1,"border_opacity":100,"border_radius":0,"padding-block-start":0,"padding-block-end":0,"padding-inline-start":0,"padding-inline-end":0},"blocks":{}},"group":{"type":"_product-card-group","settings":{"link":"","open_in_new_tab":false,"content_direction":"column","vertical_on_mobile":true,"horizontal_alignment":"flex-start","vertical_alignment":"center","align_baseline":false,"horizontal_alignment_flex_direction_column":"flex-start","vertical_alignment_flex_direction_column":"center","gap":4,"width":"fill","custom_width":100,"width_mobile":"fill","custom_width_mobile":100,"height":"fit","custom_height":100,"inherit_color_scheme":true,"color_scheme":"","background_media":"none","video_position":"cover","background_image_position":"cover","border":"none","border_width":1,"border_opacity":100,"border_radius":0,"toggle_overlay":false,"overlay_color":"#00000026","overlay_style":"solid","gradient_direction":"to top","padding-block-start":0,"padding-block-end":0,"padding-inline-start":0,"padding-inline-end":0},"blocks":{"product_title_3QjUff":{"type":"product-title","name":"t:names.product_title","settings":{"width":"100%","max_width":"none","alignment":"center","type_preset":"h4","font":"var(--font-body--family)","font_size":"1rem","line_height":"normal","letter_spacing":"normal","case":"none","wrap":"pretty","color":"var(--color-foreground-heading)","background":false,"background_color":"#00000026","corner_radius":0,"padding-block-start":0,"padding-block-end":0,"padding-inline-start":0,"padding-inline-end":0},"blocks":{}},"price":{"type":"price","disabled":true,"settings":{"show_sale_price_first":true,"show_installments":false,"show_tax_info":false,"type_preset":"h4","width":"fit-content","alignment":"left","font":"var(--font-body--family)","font_size":"1rem","line_height":"normal","letter_spacing":"normal","case":"none","color":"var(--color-foreground)","padding-block-start":0,"padding-block-end":0,"padding-inline-start":0,"padding-inline-end":0},"blocks":{}},"swatches_xWhL7M":{"type":"swatches","name":"t:names.swatches","settings":{"product_swatches_alignment":"flex-start","product_swatches_alignment_mobile":"flex-start","hide_padding":false,"product_swatches_padding_top":4,"product_swatches_padding_bottom":0,"product_swatches_padding_left":0,"product_swatches_padding_right":0},"blocks":{}}},"block_order":["product_title_3QjUff","price","swatches_xWhL7M"]}},"block_order":["card-gallery","group"]}},"settings":{"layout_type":"grid","product_card_size":"medium","mobile_product_card_size":"small","product_grid_width":"centered","full_width_on_mobile":true,"columns_gap_horizontal":15,"columns_gap_vertical":50,"padding-inline-start":3,"padding-inline-end":3,"color_scheme":"scheme-1","padding-block-start":0,"padding-block-end":32}},"section_zfGyMc":{"type":"section","blocks":{"text_PBMyFT":{"type":"text","name":"t:names.text","settings":{"text":"{{ closest.collection.description }}","width":"fit-content","max_width":"none","alignment":"left","type_preset":"rte","font":"var(--font-body--family)","font_size":"1rem","line_height":"normal","letter_spacing":"normal","case":"none","wrap":"pretty","color":"var(--color-foreground)","background":false,"background_color":"#00000026","corner_radius":0,"padding-block-start":0,"padding-block-end":0,"padding-inline-start":0,"padding-inline-end":0},"blocks":{}}},"block_order":["text_PBMyFT"],"name":"t:names.custom_section","settings":{"content_direction":"column","vertical_on_mobile":true,"horizontal_alignment":"flex-start","vertical_alignment":"center","align_baseline":false,"horizontal_alignment_flex_direction_column":"flex-start","vertical_alignment_flex_direction_column":"center","gap":12,"section_width":"page-width","section_height":"","section_height_custom":50,"color_scheme":"","background_media":"none","video_position":"cover","background_image_position":"cover","border":"none","border_width":1,"border_opacity":100,"border_radius":0,"toggle_overlay":false,"overlay_color":"#00000026","overlay_style":"solid","gradient_direction":"to top","padding-block-start":0,"padding-block-end":0}},"section_FDAtKE":{"type":"section","blocks":{"text_zAimkW":{"type":"text","settings":{"text":"<h2>If you have any question? Contact Now<\/h2><h5>Write Us now your requirements with full details, we will find for you<\/h5>","width":"100%","max_width":"none","alignment":"center","type_preset":"rte","font":"var(--font-body--family)","font_size":"","line_height":"normal","letter_spacing":"normal","case":"none","wrap":"pretty","color":"var(--color-foreground)","background":false,"background_color":"#00000026","corner_radius":0,"padding-block-start":0,"padding-block-end":0,"padding-inline-start":0,"padding-inline-end":0},"blocks":{}},"contact_form_yDWqWW":{"type":"contact-form","settings":{"width":"custom","custom_width":50,"width_mobile":"custom","custom_width_mobile":100,"inherit_color_scheme":true,"color_scheme":"","padding-block-start":0,"padding-block-end":0,"padding-inline-start":0,"padding-inline-end":0},"blocks":{"submit-button":{"type":"contact-form-submit-button","static":true,"settings":{"label":"Submit","style_class":"button","width":"fit-content","custom_width":100,"width_mobile":"fit-content","custom_width_mobile":100},"blocks":{}}},"block_order":[]}},"block_order":["text_zAimkW","contact_form_yDWqWW"],"name":"t:names.contact_form","settings":{"content_direction":"column","vertical_on_mobile":true,"horizontal_alignment":"flex-start","vertical_alignment":"center","align_baseline":false,"horizontal_alignment_flex_direction_column":"center","vertical_alignment_flex_direction_column":"center","gap":32,"section_width":"page-width","section_height":"","section_height_custom":50,"color_scheme":"scheme-2","background_media":"none","video_position":"cover","background_image_position":"cover","border":"none","border_width":1,"border_opacity":100,"border_radius":0,"toggle_overlay":false,"overlay_color":"#00000026","overlay_style":"solid","gradient_direction":"to top","padding-block-start":32,"padding-block-end":32}},"17529242610355b628":{"type":"_blocks","settings":{"content_direction":"column","vertical_on_mobile":true,"horizontal_alignment":"flex-start","vertical_alignment":"center","align_baseline":false,"horizontal_alignment_flex_direction_column":"flex-start","vertical_alignment_flex_direction_column":"center","gap":12,"section_width":"page-width","section_height":"","section_height_custom":50,"color_scheme":"","background_media":"none","video_position":"cover","background_image_position":"cover","border":"none","border_width":1,"border_opacity":100,"border_radius":0,"toggle_overlay":false,"overlay_color":"#00000026","overlay_style":"solid","gradient_direction":"to top","padding-block-start":0,"padding-block-end":0}}},"order":["section","section_YXMcYz","main","section_zfGyMc","section_FDAtKE","17529242610355b628"]}