{"sections":{"section":{"type":"section","blocks":{"text_tqQTNE":{"type":"text","settings":{"text":"<p>{{ closest.collection.title }} <\/p>","width":"fit-content","max_width":"none","alignment":"left","type_preset":"h1","font":"var(--font-primary--family)","font_size":"","line_height":"normal","letter_spacing":"normal","case":"none","wrap":"pretty","color":"","background":false,"background_color":"#00000026","corner_radius":0,"padding-block-start":0,"padding-block-end":0,"padding-inline-start":0,"padding-inline-end":0},"blocks":{}},"text_4iJzJn":{"type":"text","name":"t:names.text","settings":{"text":"{{ closest.collection.metafields.custom.intro_rich_text | metafield_tag }}","width":"fit-content","max_width":"none","alignment":"left","type_preset":"rte","font":"var(--font-body--family)","font_size":"1rem","line_height":"normal","letter_spacing":"normal","case":"none","wrap":"pretty","color":"var(--color-foreground)","background":false,"background_color":"#00000026","corner_radius":0,"padding-block-start":0,"padding-block-end":0,"padding-inline-start":0,"padding-inline-end":0},"blocks":{}}},"block_order":["text_tqQTNE","text_4iJzJn"],"settings":{"content_direction":"column","vertical_on_mobile":true,"horizontal_alignment":"flex-start","vertical_alignment":"center","align_baseline":false,"horizontal_alignment_flex_direction_column":"flex-start","vertical_alignment_flex_direction_column":"center","gap":12,"section_width":"page-width","section_height":"","section_height_custom":50,"color_scheme":"scheme-1","background_media":"none","video_position":"cover","background_image_position":"cover","border":"none","border_width":1,"border_opacity":100,"border_radius":0,"toggle_overlay":false,"overlay_color":"#00000026","overlay_style":"solid","gradient_direction":"to top","padding-block-start":48,"padding-block-end":11}},"main":{"type":"main-collection","blocks":{"filters":{"type":"filters","static":true,"settings":{"enable_filtering":true,"filter_style":"vertical","filter_width":"centered","text_label_case":"default","show_swatch_label":true,"show_filter_label":false,"enable_sorting":true,"enable_grid_density":true,"inherit_color_scheme":true,"color_scheme":"scheme-2","padding-block-start":8,"padding-block-end":8,"padding-inline-start":0,"padding-inline-end":0,"facets_margin_bottom":8,"facets_margin_right":10},"blocks":{}},"product-card":{"type":"_product-card","static":true,"settings":{"product_card_gap":4,"inherit_color_scheme":true,"color_scheme":"","border":"none","border_width":1,"border_opacity":100,"border_radius":0,"padding-block-start":0,"padding-block-end":0,"padding-inline-start":9,"padding-inline-end":0},"blocks":{"card-gallery":{"type":"_product-card-gallery","settings":{"image_ratio":"square","border":"none","border_width":1,"border_opacity":100,"border_radius":0,"padding-block-start":1,"padding-block-end":1,"padding-inline-start":0,"padding-inline-end":0},"blocks":{}},"group":{"type":"_product-card-group","settings":{"link":"","open_in_new_tab":false,"content_direction":"column","vertical_on_mobile":true,"horizontal_alignment":"flex-start","vertical_alignment":"center","align_baseline":false,"horizontal_alignment_flex_direction_column":"flex-start","vertical_alignment_flex_direction_column":"center","gap":4,"width":"fill","custom_width":100,"width_mobile":"fill","custom_width_mobile":100,"height":"fit","custom_height":100,"inherit_color_scheme":true,"color_scheme":"","background_media":"none","video_position":"cover","background_image_position":"cover","border":"none","border_width":1,"border_opacity":100,"border_radius":0,"toggle_overlay":false,"overlay_color":"#00000026","overlay_style":"solid","gradient_direction":"to top","padding-block-start":0,"padding-block-end":0,"padding-inline-start":0,"padding-inline-end":0},"blocks":{"product_title_3QjUff":{"type":"product-title","settings":{"width":"100%","max_width":"none","alignment":"center","type_preset":"h5","font":"var(--font-body--family)","font_size":"1rem","line_height":"normal","letter_spacing":"normal","case":"none","wrap":"pretty","color":"var(--color-foreground)","background":false,"background_color":"#00000026","corner_radius":0,"padding-block-start":0,"padding-block-end":0,"padding-inline-start":0,"padding-inline-end":0},"blocks":{}},"price":{"type":"price","settings":{"show_sale_price_first":true,"show_installments":false,"show_tax_info":false,"type_preset":"h5","width":"100%","alignment":"center","font":"var(--font-body--family)","font_size":"1rem","line_height":"normal","letter_spacing":"normal","case":"none","color":"var(--color-foreground-heading)","padding-block-start":0,"padding-block-end":0,"padding-inline-start":0,"padding-inline-end":0},"blocks":{}},"swatches_xWhL7M":{"type":"swatches","settings":{"product_swatches_alignment":"flex-start","product_swatches_alignment_mobile":"flex-start","hide_padding":false,"product_swatches_padding_top":4,"product_swatches_padding_bottom":0,"product_swatches_padding_left":0,"product_swatches_padding_right":0},"blocks":{}}},"block_order":["product_title_3QjUff","price","swatches_xWhL7M"]}},"block_order":["card-gallery","group"]}},"settings":{"layout_type":"grid","product_card_size":"medium","mobile_product_card_size":"small","product_grid_width":"centered","full_width_on_mobile":true,"columns_gap_horizontal":16,"columns_gap_vertical":8,"padding-inline-start":0,"padding-inline-end":0,"color_scheme":"scheme-1","padding-block-start":0,"padding-block-end":32}},"section_nPCgcC":{"type":"section","blocks":{"text_cM38Vc":{"type":"text","settings":{"text":"{{ closest.collection.description }}","width":"100%","max_width":"none","alignment":"left","type_preset":"rte","font":"var(--font-body--family)","font_size":"1rem","line_height":"normal","letter_spacing":"normal","case":"none","wrap":"pretty","color":"var(--color-foreground)","background":false,"background_color":"#00000026","corner_radius":0,"padding-block-start":0,"padding-block-end":0,"padding-inline-start":0,"padding-inline-end":0},"blocks":{}}},"block_order":["text_cM38Vc"],"disabled":true,"settings":{"content_direction":"column","vertical_on_mobile":true,"horizontal_alignment":"flex-start","vertical_alignment":"center","align_baseline":false,"horizontal_alignment_flex_direction_column":"center","vertical_alignment_flex_direction_column":"center","gap":16,"section_width":"page-width","section_height":"","section_height_custom":50,"color_scheme":"","background_media":"none","video_position":"cover","background_image_position":"cover","border":"none","border_width":1,"border_opacity":100,"border_radius":0,"toggle_overlay":false,"overlay_color":"#00000026","overlay_style":"solid","gradient_direction":"to top","padding-block-start":64,"padding-block-end":64}},"collection_list_AnCPVt":{"type":"collection-list","blocks":{"group_Fg4BGC":{"type":"group","name":"t:names.header","settings":{"link":"","open_in_new_tab":false,"content_direction":"column","vertical_on_mobile":true,"horizontal_alignment":"flex-start","vertical_alignment":"center","align_baseline":false,"horizontal_alignment_flex_direction_column":"flex-start","vertical_alignment_flex_direction_column":"center","gap":12,"width":"fill","custom_width":100,"width_mobile":"fill","custom_width_mobile":100,"height":"fit","custom_height":100,"inherit_color_scheme":true,"color_scheme":"","background_media":"none","video_position":"cover","background_image_position":"cover","border":"none","border_width":1,"border_opacity":100,"border_radius":0,"placeholder":"","toggle_overlay":false,"overlay_color":"#00000026","overlay_style":"solid","gradient_direction":"to top","padding-block-start":0,"padding-block-end":0,"padding-inline-start":0,"padding-inline-end":0},"blocks":{"text_BRbB7p":{"type":"text","name":"t:names.text","settings":{"text":"<h3>Explore Collections<\/h3>","width":"fit-content","max_width":"normal","alignment":"left","type_preset":"rte","font":"var(--font-body--family)","font_size":"1rem","line_height":"normal","letter_spacing":"normal","case":"none","wrap":"pretty","color":"var(--color-foreground)","background":false,"background_color":"#00000026","corner_radius":0,"padding-block-start":0,"padding-block-end":16,"padding-inline-start":0,"padding-inline-end":0},"blocks":{}}},"block_order":["text_BRbB7p"]},"static-collection-card":{"type":"_collection-card","name":"t:names.collection_card","static":true,"settings":{"placement":"on_image","horizontal_alignment":"flex-start","vertical_alignment":"flex-start","collection_card_gap":8,"inherit_color_scheme":true,"color_scheme":"","border":"none","border_width":1,"border_opacity":100,"border_radius":0},"blocks":{"collection_title_JcfabE":{"type":"collection-title","name":"t:names.collection_title","settings":{"width":"fit-content","max_width":"normal","alignment":"left","type_preset":"rte","font":"var(--font-body--family)","font_size":"1rem","line_height":"normal","letter_spacing":"normal","case":"none","wrap":"pretty","color":"var(--color-foreground)","background":true,"background_color":"#ffffff","corner_radius":0,"padding-block-start":4,"padding-block-end":4,"padding-inline-start":8,"padding-inline-end":8},"blocks":{}},"collection-card-image":{"type":"_collection-card-image","name":"t:names.collection_card_image","static":true,"settings":{"image_ratio":"square","toggle_overlay":true,"overlay_color":"#00000026","overlay_style":"solid","gradient_direction":"to top","border":"none","border_width":1,"border_opacity":100,"border_radius":0},"blocks":{}}},"block_order":["collection_title_JcfabE"]}},"block_order":["group_Fg4BGC"],"name":"t:names.collections_grid","settings":{"collection_list":["loose-gemstones-emeralds","loose-gemstones-amethyst","loose-gemstones-beryls","loose-gemstones-citrine","loose-gemstones-corundum","loose-gemstones-garnets","loose-gemstones-kunzite","loose-gemstones-spinels","loose-gemstones-opals","loose-gemstones-topaz","loose-gemstones-tourmaline","loose-gemstones-tsavorite","loose-gemstones-turquoise","loose-gemstones-zircons","loose-gemstones-peridots","loose-ruby-gemstones","loose-gemstone-sapphires"],"layout_type":"carousel","carousel_on_mobile":false,"columns":5,"mobile_columns":"2","mobile_card_size":"44cqw","columns_gap":8,"bento_gap":8,"rows_gap":8,"max_collections":4,"icons_style":"arrows_large","icons_shape":"circle","section_width":"page-width","gap":12,"color_scheme":"","padding-block-start":48,"padding-block-end":48}},"section_abNQ8g":{"type":"section","blocks":{"text_NhHpb6":{"type":"text","settings":{"text":"<h2>If you have any question? Contact Now<\/h2><h5>Write Us now your requirements with full details, we will find for you<\/h5>","width":"100%","max_width":"none","alignment":"center","type_preset":"rte","font":"var(--font-body--family)","font_size":"","line_height":"normal","letter_spacing":"normal","case":"none","wrap":"pretty","color":"var(--color-foreground)","background":false,"background_color":"#00000026","corner_radius":0,"padding-block-start":0,"padding-block-end":0,"padding-inline-start":0,"padding-inline-end":0},"blocks":{}},"contact_form_34anAD":{"type":"contact-form","settings":{"width":"custom","custom_width":77,"width_mobile":"custom","custom_width_mobile":100,"inherit_color_scheme":true,"color_scheme":"","padding-block-start":0,"padding-block-end":0,"padding-inline-start":0,"padding-inline-end":0},"blocks":{"submit-button":{"type":"contact-form-submit-button","static":true,"settings":{"label":"Submit","style_class":"button","width":"fit-content","custom_width":100,"width_mobile":"fit-content","custom_width_mobile":100},"blocks":{}}},"block_order":[]}},"block_order":["text_NhHpb6","contact_form_34anAD"],"settings":{"content_direction":"column","vertical_on_mobile":true,"horizontal_alignment":"flex-start","vertical_alignment":"center","align_baseline":false,"horizontal_alignment_flex_direction_column":"center","vertical_alignment_flex_direction_column":"center","gap":32,"section_width":"page-width","section_height":"","section_height_custom":50,"color_scheme":"scheme-2","background_media":"none","video_position":"cover","background_image_position":"cover","border":"none","border_width":1,"border_opacity":100,"border_radius":0,"toggle_overlay":false,"overlay_color":"#00000026","overlay_style":"solid","gradient_direction":"to top","padding-block-start":12,"padding-block-end":32}}},"order":["section","main","section_nPCgcC","collection_list_AnCPVt","section_abNQ8g"]}