{"sections":{"hero_mPDh3p":{"type":"hero","blocks":{"text_k947jx":{"type":"text","settings":{"text":"<h2>Frequently Asked Questions<\/h2>","width":"fit-content","max_width":"narrow","alignment":"left","type_preset":"h1","font":"var(--font-body--family)","font_size":"1rem","line_height":"normal","letter_spacing":"normal","case":"none","wrap":"pretty","color":"var(--color-foreground)","background":true,"background_color":"#000000a3","corner_radius":0,"padding-block-start":0,"padding-block-end":0,"padding-inline-start":0,"padding-inline-end":0},"blocks":{}},"text_KzhyeM":{"type":"text","settings":{"text":"<p>Have any question about gemstones and crystals?<\/p>","width":"fit-content","max_width":"none","alignment":"left","type_preset":"rte","font":"var(--font-body--family)","font_size":"1rem","line_height":"normal","letter_spacing":"normal","case":"none","wrap":"pretty","color":"var(--color-foreground)","background":false,"background_color":"#00000026","corner_radius":0,"padding-block-start":0,"padding-block-end":32,"padding-inline-start":0,"padding-inline-end":0},"blocks":{}},"button_FFjRUx":{"type":"button","name":"t:names.button","disabled":true,"settings":{"label":"Shop Now","link":"shopify:\/\/collections\/all","open_in_new_tab":false,"style_class":"button","width":"fit-content","custom_width":100,"width_mobile":"fit-content","custom_width_mobile":100},"blocks":{}}},"block_order":["text_k947jx","text_KzhyeM","button_FFjRUx"],"name":"t:names.hero","settings":{"media_type_1":"image","image_1":"shopify:\/\/shop_images\/slider-image-3-min.png","media_type_2":"image","link":"","open_in_new_tab":false,"content_direction":"column","vertical_on_mobile":true,"horizontal_alignment":"flex-start","vertical_alignment":"center","align_baseline":false,"horizontal_alignment_flex_direction_column":"center","vertical_alignment_flex_direction_column":"center","gap":16,"section_width":"page-width","section_height":"medium","section_height_custom":50,"color_scheme":"scheme-5","toggle_overlay":true,"overlay_color":"#00000026","overlay_style":"gradient","gradient_direction":"to top","blurred_reflection":false,"reflection_opacity":75,"padding-block-start":40,"padding-block-end":16}},"section_N3mREb":{"type":"section","blocks":{"text_dUQAQn":{"type":"text","settings":{"text":"<p>Have questions or feedback? Check our FAQ section first. If you still need assistance, feel free to reach out at Email: <a href=\"mailto:info@folkmarketgems.com\"><strong>info@folkmarketgems.com<\/strong><\/a><strong>.<\/strong><\/p>","width":"100%","max_width":"none","alignment":"center","type_preset":"rte","font":"var(--font-body--family)","font_size":"1rem","line_height":"normal","letter_spacing":"normal","case":"none","wrap":"pretty","color":"var(--color-foreground)","background":true,"background_color":"#0000000f","corner_radius":0,"padding-block-start":0,"padding-block-end":0,"padding-inline-start":0,"padding-inline-end":0},"blocks":{}},"button_mz8CE7":{"type":"button","disabled":true,"settings":{"label":"Shop now","link":"shopify:\/\/collections\/all","open_in_new_tab":false,"style_class":"link","width":"fit-content","custom_width":100,"width_mobile":"fit-content","custom_width_mobile":100},"blocks":{}}},"block_order":["text_dUQAQn","button_mz8CE7"],"name":"t:names.pull_quote","settings":{"content_direction":"column","vertical_on_mobile":true,"horizontal_alignment":"flex-start","vertical_alignment":"center","align_baseline":false,"horizontal_alignment_flex_direction_column":"center","vertical_alignment_flex_direction_column":"center","gap":16,"section_width":"full-width","section_height":"","section_height_custom":5,"color_scheme":"","background_media":"none","video_position":"cover","background_image_position":"cover","border":"none","border_width":1,"border_opacity":100,"border_radius":0,"toggle_overlay":false,"overlay_color":"#00000026","overlay_style":"solid","gradient_direction":"to top","padding-block-start":0,"padding-block-end":10}},"main":{"type":"main-page","blocks":{"heading":{"type":"text","name":"Title","disabled":true,"settings":{"text":"<h1>{{ closest.page.title }}<\/h1>","width":"100%","max_width":"normal","alignment":"left","type_preset":"h1","font":"var(--font-primary--family)","font_size":"","line_height":"normal","letter_spacing":"normal","case":"none","wrap":"pretty","color":"","background":false,"background_color":"#00000026","corner_radius":0,"padding-block-start":0,"padding-block-end":0,"padding-inline-start":0,"padding-inline-end":0},"blocks":{}},"page-content":{"type":"page-content","settings":{},"blocks":{}}},"block_order":["heading","page-content"],"disabled":true,"settings":{"content_direction":"column","gap":32,"color_scheme":"","padding-block-start":40,"padding-block-end":80}},"section_wd3PbA":{"type":"section","blocks":{"text_ahppLJ":{"type":"text","name":"t:names.heading","disabled":true,"settings":{"text":"<h3>Frequently asked questions<\/h3>","width":"fit-content","max_width":"narrow","alignment":"left","type_preset":"rte","font":"var(--font-body--family)","font_size":"","line_height":"normal","letter_spacing":"normal","case":"none","wrap":"pretty","color":"var(--color-foreground)","background":false,"background_color":"#00000026","corner_radius":0,"padding-block-start":0,"padding-block-end":0,"padding-inline-start":0,"padding-inline-end":0},"blocks":{}},"accordion_pm9aKT":{"type":"accordion","name":"t:names.accordion","settings":{"icon":"caret","dividers":true,"type_preset":"h4","inherit_color_scheme":true,"color_scheme":"","border":"solid","border_width":0,"border_opacity":100,"border_radius":0,"padding-block-start":0,"padding-block-end":0,"padding-inline-start":62,"padding-inline-end":61},"blocks":{"accordion_row_TpVzDG":{"type":"_accordion-row","settings":{"heading":"All gemstone listed on your store or actual picture and in Stock?","open_by_default":true},"blocks":{"text_4NEUXW":{"type":"text","settings":{"text":"<p>Yes all gemstones listed on our website are of actual stone pictures and are in stock. If you have any further questions or concerns, please feel free to reach out to us via email at<a href=\"mailto:info@folkmarketgems.com\" target=\"_blank\" title=\"mailto:info@folkmarketgems.com \"><strong>info@folkmarketgems.com <\/strong><\/a>or call\/<strong>WhatsApp<\/strong>us at<strong>+923268999919.<\/strong>We truly appreciate your business and thank you for choosing Fine Art Minerals for your shopping needs!<\/p>","width":"100%","max_width":"none","alignment":"left","type_preset":"rte","font":"var(--font-body--family)","font_size":"","line_height":"normal","letter_spacing":"normal","case":"none","wrap":"pretty","color":"var(--color-foreground)","background":true,"background_color":"#00000005","corner_radius":0,"padding-block-start":0,"padding-block-end":0,"padding-inline-start":0,"padding-inline-end":0},"blocks":{}}},"block_order":["text_4NEUXW"]},"accordion_row_UTzNBn":{"type":"_accordion-row","settings":{"heading":"How to Order Natural Gemstones on Folkmarketgems.com ?","open_by_default":false},"blocks":{"text_BN9aUi":{"type":"text","settings":{"text":"<h3><strong>How to Order:<\/strong><\/h3><ol><li><strong>Browse<\/strong> gemstones at <a href=\"https:\/\/folkmarketgems.com\/collections\" target=\"_blank\">folkmarketgems.com\/collections<\/a>.<\/li><li><strong>Add to Cart<\/strong> or <strong>register<\/strong> for order tracking.<\/li><li><strong>Checkout<\/strong> (guest or account). Enter shipping & payment details.<\/li><li><strong>Review & Pay<\/strong> – We accept cards, Google\/Apple Pay, bank deposits, Western Union, and more.<\/li><li><strong>Confirmation<\/strong> – Get a tracking email after order verification (24–48 hrs).<\/li><\/ol><h3><strong>Payment Options:<\/strong><\/h3><ul><li><strong>Credit\/Debit Cards<\/strong> (Visa\/MasterCard)<\/li><li><strong>Bank Deposit<\/strong> (10% discount, details at checkout)<\/li><li><strong>Western Union\/MoneyGram<\/strong> (send receipt to <a href=\"https:\/\/mailto:info@folkmarketgems.com\/\" target=\"_blank\">info@folkmarketgems.com<\/a>)<\/li><li><strong>PayPal<\/strong> (manual invoicing – contact us)<\/li><\/ul><h3><strong>Large Orders?<\/strong><\/h3><p>Contact us first for discounts & faster processing:<br\/>📞 <strong>+923268999919<\/strong> | ✉ <a href=\"https:\/\/mailto:info@folkmarketgems.com\/\" target=\"_blank\"><strong>info@folkmarketgems.com<\/strong><\/a><\/p><h3><strong>Need Help?<\/strong><\/h3><p>24\/7 support via <a href=\"https:\/\/folkmarketgems.com\/pages\/contact-folkmarket-gems-for-natural-gemstones\" target=\"_blank\">Contact Form<\/a> or WhatsApp.<\/p><p>Happy Shopping! 💎<\/p>","width":"100%","max_width":"none","alignment":"left","type_preset":"rte","font":"var(--font-body--family)","font_size":"","line_height":"normal","letter_spacing":"normal","case":"none","wrap":"pretty","color":"var(--color-foreground)","background":true,"background_color":"#00000005","corner_radius":0,"padding-block-start":0,"padding-block-end":0,"padding-inline-start":0,"padding-inline-end":0},"blocks":{}}},"block_order":["text_BN9aUi"]},"accordion_row_9J6qQU":{"type":"_accordion-row","settings":{"heading":"Are your Gemstones Natural?","open_by_default":false},"blocks":{"text_tXT8Gx":{"type":"text","settings":{"text":"<p>yes all our gemstones and minerals are 100% natural. If any gem is treated, it is fully disclosed in the product description.<\/p>","width":"100%","max_width":"none","alignment":"left","type_preset":"rte","font":"var(--font-body--family)","font_size":"","line_height":"normal","letter_spacing":"normal","case":"none","wrap":"pretty","color":"var(--color-foreground)","background":true,"background_color":"#00000005","corner_radius":0,"padding-block-start":0,"padding-block-end":0,"padding-inline-start":0,"padding-inline-end":0},"blocks":{}}},"block_order":["text_tXT8Gx"]},"accordion_row_wg7e77":{"type":"_accordion-row","settings":{"heading":"Do you Offer Bulk Order? Is there any discount in Bulk Order? How to Order Bulk?","open_by_default":false},"blocks":{"text_xA7Qwr":{"type":"text","settings":{"text":"<p>Yes Folkmarketgems offer wholesale and bulk orders. One can write us with their requirements. In Bulk Order, one can get 5 to 70% discount depending on quantity.<\/p><p>For ordering bulk order, write us email at info@folkmarektgems.com or WhatsApp: +923268999919<\/p><p>or Fulfil the form at <a href=\"https:\/\/www.folkmarketgems.com\/pages\/contact-folkmarket-gems-for-natural-gemstones\" target=\"_blank\" title=\"https:\/\/www.folkmarketgems.com\/pages\/contact-folkmarket-gems-for-natural-gemstones\">Contact Us Page: <\/a>https:\/\/www.folkmarketgems.com\/pages\/contact-folkmarket-gems-for-natural-gemstones<\/p>","width":"100%","max_width":"none","alignment":"left","type_preset":"rte","font":"var(--font-body--family)","font_size":"","line_height":"normal","letter_spacing":"normal","case":"none","wrap":"pretty","color":"var(--color-foreground)","background":true,"background_color":"#00000005","corner_radius":0,"padding-block-start":0,"padding-block-end":0,"padding-inline-start":0,"padding-inline-end":0},"blocks":{}}},"block_order":["text_xA7Qwr"]},"accordion_row_qkqLRW":{"type":"_accordion-row","settings":{"heading":"Is there Any Combined Shipping Available?","open_by_default":false},"blocks":{"text_RdJjfD":{"type":"text","settings":{"text":"<p>Yes! Most of our minerals include free worldwide shipping. For items with shipping fees, we offer combined shipping—you won’t pay extra for multiple items. All gemstones and minerals in your cart will be shipped together, saving you money. Just add your items to the cart and consult us via Live Chat or WhatsApp: +923268999919<\/p>","width":"100%","max_width":"none","alignment":"left","type_preset":"rte","font":"var(--font-body--family)","font_size":"","line_height":"normal","letter_spacing":"normal","case":"none","wrap":"pretty","color":"var(--color-foreground)","background":true,"background_color":"#00000005","corner_radius":0,"padding-block-start":0,"padding-block-end":0,"padding-inline-start":0,"padding-inline-end":0},"blocks":{}}},"block_order":["text_RdJjfD"]},"accordion_row_VkbkKW":{"type":"_accordion-row","settings":{"heading":"Do You Offer Any Discounts?","open_by_default":true},"blocks":{"text_WGzgB6":{"type":"text","settings":{"text":"<p><strong>Yes, we offer a variety of discounts, including:<\/strong><\/p><ul><li><strong>First Signup Discounts. Use Code \" SIGNUP5% \" to get 5% Off on your first order. <\/strong><\/li><li><strong>Wholesale Discounts <\/strong><\/li><li><strong>Mixed Gemstone Deal Discounts<\/strong><\/li><li><strong>Loyalty Programs<\/strong><\/li><li><strong>Bulk Order & Startup Business Discounts . Use Code  \" SAVE50NOW <\/strong>\" Over spending $500 USD to get $50 Off<\/li><li><strong>Free Shipping Offers<\/strong><\/li><li><strong>And many more!<\/strong><\/li><\/ul><p>Our discounts are frequently updated and announced, so be sure to stay tuned for the latest offers.<\/p><p>For exclusive privileges or custom discount requests, feel free to reach out via <strong>live chat<\/strong>—we’d be happy to assist you based on your specific needs!<\/p>","width":"100%","max_width":"none","alignment":"left","type_preset":"rte","font":"var(--font-body--family)","font_size":"","line_height":"normal","letter_spacing":"normal","case":"none","wrap":"pretty","color":"var(--color-foreground)","background":true,"background_color":"#00000005","corner_radius":0,"padding-block-start":0,"padding-block-end":0,"padding-inline-start":0,"padding-inline-end":0},"blocks":{}}},"block_order":["text_WGzgB6"]},"accordion_row_kDxaTq":{"type":"_accordion-row","settings":{"heading":"Do You Offer Certification of Gemstones?","open_by_default":false},"blocks":{"text_QRPcdh":{"type":"text","settings":{"text":"<p>At Folkmarketgems, we offer both in-house and third-party certification for our gemstones. Simply add a certificate to your cart, and we’ll handle the process with a trusted gemological lab. The certificate will be sent with your order. An additional fee applies, shown at checkout. For any questions about certification, our team is here to help!<\/p>","width":"100%","max_width":"none","alignment":"left","type_preset":"rte","font":"var(--font-body--family)","font_size":"","line_height":"normal","letter_spacing":"normal","case":"none","wrap":"pretty","color":"var(--color-foreground)","background":true,"background_color":"#00000005","corner_radius":0,"padding-block-start":0,"padding-block-end":0,"padding-inline-start":0,"padding-inline-end":0},"blocks":{}}},"block_order":["text_QRPcdh"]},"accordion_row_gEzCQE":{"type":"_accordion-row","settings":{"heading":"Is my credit card be secured ?","open_by_default":false},"blocks":{"text_7RwCYX":{"type":"text","settings":{"text":"<p>Absolutely! You can trust that your personal and financial information is secure with us. At Folkmarketgems, we prioritize your privacy and security, using industry-standard encryption to safeguard all sensitive data. When you enter your credit card details on our site, rest assured that your transaction is fully protected and your information will never be shared or accessed by any third parties.<\/p>","width":"100%","max_width":"none","alignment":"left","type_preset":"rte","font":"var(--font-body--family)","font_size":"","line_height":"normal","letter_spacing":"normal","case":"none","wrap":"pretty","color":"var(--color-foreground)","background":true,"background_color":"#00000005","corner_radius":0,"padding-block-start":0,"padding-block-end":0,"padding-inline-start":0,"padding-inline-end":0},"blocks":{}}},"block_order":["text_7RwCYX"]},"accordion_row_y4MiqK":{"type":"_accordion-row","settings":{"heading":"What country you offer the services?","open_by_default":false},"blocks":{"text_i8AeBV":{"type":"text","settings":{"text":"<p>We accept multiple secure payment methods for your convenience:<\/p><p>💳 <strong>Credit\/Debit Cards<\/strong> – Visa, MasterCard (via Shopify Payment).<br\/>📱 <strong>Digital Wallets<\/strong> – Google Pay, Apple Pay, Meta Pay, Crypto (Binance)<br\/>🏦 <strong>Bank Transfer<\/strong> – Get a <strong>10% discount<\/strong> (details provided at checkout).<br\/>🌎 <strong>Western Union\/MoneyGram<\/strong> – Send receipt to <a href=\"https:\/\/mailto:info@folkmarketgems.com\/\" target=\"_blank\">info@folkmarketgems.com<\/a>.<br\/>🔹 <strong>PayPal<\/strong> – Manual invoicing available (contact us).<\/p><p><strong>Note:<\/strong> Bank deposits are recommended for large orders to save on fees.<\/p><p>Need help? Contact us:<br\/>📞 +923268999919 | ✉ <a href=\"https:\/\/mailto:info@folkmarketgems.com\/\" target=\"_blank\">info@folkmarketgems.com<\/a><\/p>","width":"100%","max_width":"none","alignment":"left","type_preset":"rte","font":"var(--font-body--family)","font_size":"","line_height":"normal","letter_spacing":"normal","case":"none","wrap":"pretty","color":"var(--color-foreground)","background":true,"background_color":"#00000005","corner_radius":0,"padding-block-start":0,"padding-block-end":0,"padding-inline-start":0,"padding-inline-end":0},"blocks":{}}},"block_order":["text_i8AeBV"]},"accordion_row_awyHra":{"type":"_accordion-row","settings":{"heading":"What are Payment Options to Buy Gemstones?","open_by_default":false},"blocks":{"text_LHcxAV":{"type":"text","settings":{"text":"<p>We provide <strong>worldwide shipping<\/strong> on every order, reaching almost any destination globally. Our aim is to make it simple for you to experience our top-quality gemstones, no matter where you live.<\/p><p>Please note that any local taxes or customs duties are the customer’s responsibility. To avoid unexpected fees, we suggest checking your country’s import regulations before placing an order.<\/p><p>Enjoy worry-free international shipping when you shop with us. If you have any questions about shipping to your country, our customer support team is ready to assist you!<\/p>","width":"100%","max_width":"none","alignment":"left","type_preset":"rte","font":"var(--font-body--family)","font_size":"","line_height":"normal","letter_spacing":"normal","case":"none","wrap":"pretty","color":"var(--color-foreground)","background":true,"background_color":"#00000005","corner_radius":0,"padding-block-start":0,"padding-block-end":0,"padding-inline-start":0,"padding-inline-end":0},"blocks":{}}},"block_order":["text_LHcxAV"]}},"block_order":["accordion_row_TpVzDG","accordion_row_UTzNBn","accordion_row_9J6qQU","accordion_row_wg7e77","accordion_row_qkqLRW","accordion_row_VkbkKW","accordion_row_kDxaTq","accordion_row_gEzCQE","accordion_row_y4MiqK","accordion_row_awyHra"]}},"block_order":["text_ahppLJ","accordion_pm9aKT"],"name":"t:names.faq_section","settings":{"content_direction":"row","vertical_on_mobile":true,"horizontal_alignment":"flex-start","vertical_alignment":"center","align_baseline":false,"horizontal_alignment_flex_direction_column":"center","vertical_alignment_flex_direction_column":"center","gap":32,"section_width":"page-width","section_height":"medium","section_height_custom":50,"color_scheme":"","background_media":"none","video_position":"cover","background_image_position":"cover","border":"none","border_width":1,"border_opacity":100,"border_radius":0,"toggle_overlay":true,"overlay_color":"#00000005","overlay_style":"solid","gradient_direction":"to top","padding-block-start":8,"padding-block-end":48}},"section_dACcXh":{"type":"section","blocks":{"text_ciwKME":{"type":"text","settings":{"text":"<h2>Have any question? Contact Us<\/h2>","width":"100%","max_width":"normal","alignment":"center","type_preset":"rte","font":"var(--font-body--family)","font_size":"","line_height":"normal","letter_spacing":"normal","case":"none","wrap":"pretty","color":"var(--color-foreground)","background":false,"background_color":"#00000026","corner_radius":0,"padding-block-start":0,"padding-block-end":0,"padding-inline-start":0,"padding-inline-end":0},"blocks":{}},"contact_form_M8i9QT":{"type":"contact-form","settings":{"width":"custom","custom_width":63,"width_mobile":"custom","custom_width_mobile":100,"inherit_color_scheme":true,"color_scheme":"","padding-block-start":0,"padding-block-end":0,"padding-inline-start":0,"padding-inline-end":0},"blocks":{"submit-button":{"type":"contact-form-submit-button","static":true,"settings":{"label":"Submit","style_class":"button","width":"fit-content","custom_width":100,"width_mobile":"fit-content","custom_width_mobile":100},"blocks":{}}},"block_order":[]}},"block_order":["text_ciwKME","contact_form_M8i9QT"],"name":"t:names.contact_form","settings":{"content_direction":"column","vertical_on_mobile":true,"horizontal_alignment":"flex-start","vertical_alignment":"center","align_baseline":false,"horizontal_alignment_flex_direction_column":"center","vertical_alignment_flex_direction_column":"center","gap":32,"section_width":"page-width","section_height":"","section_height_custom":50,"color_scheme":"scheme-2","background_media":"image","video_position":"cover","background_image_position":"cover","border":"none","border_width":1,"border_opacity":100,"border_radius":0,"toggle_overlay":true,"overlay_color":"#fffffff4","overlay_style":"solid","gradient_direction":"to top","padding-block-start":32,"padding-block-end":32}},"collection_list_AJgRQD":{"type":"collection-list","blocks":{"group_F3TVaQ":{"type":"group","name":"t:names.header","settings":{"link":"","open_in_new_tab":false,"content_direction":"column","vertical_on_mobile":true,"horizontal_alignment":"flex-start","vertical_alignment":"center","align_baseline":false,"horizontal_alignment_flex_direction_column":"flex-start","vertical_alignment_flex_direction_column":"center","gap":12,"width":"fill","custom_width":100,"width_mobile":"fill","custom_width_mobile":100,"height":"fit","custom_height":100,"inherit_color_scheme":true,"color_scheme":"","background_media":"none","video_position":"cover","background_image_position":"cover","border":"none","border_width":1,"border_opacity":100,"border_radius":0,"toggle_overlay":false,"overlay_color":"#00000026","overlay_style":"solid","gradient_direction":"to top","padding-block-start":0,"padding-block-end":0,"padding-inline-start":0,"padding-inline-end":0},"blocks":{"text_A8eTcE":{"type":"text","name":"t:names.text","settings":{"text":"<h2>Explore Your Favorite Gemstones and Crystals<\/h2>","width":"100%","max_width":"none","alignment":"left","type_preset":"h2","font":"var(--font-body--family)","font_size":"","line_height":"normal","letter_spacing":"normal","case":"none","wrap":"pretty","color":"var(--color-foreground)","background":false,"background_color":"#000000","corner_radius":0,"padding-block-start":0,"padding-block-end":16,"padding-inline-start":0,"padding-inline-end":0},"blocks":{}}},"block_order":["text_A8eTcE"]},"static-collection-card":{"type":"collection-card","name":"t:names.collection_card","static":true,"settings":{"collection":"{{ closest.collection }}","placement":"on_image","horizontal_alignment":"center","vertical_alignment":"flex-start","collection_card_gap":8,"inherit_color_scheme":false,"color_scheme":"scheme-1233d5be-5a31-4e97-8fba-2856563f7112","border":"none","border_width":1,"border_opacity":100,"border_radius":0},"blocks":{"collection_title_MpAbdm":{"type":"collection-title","name":"t:names.collection_title","settings":{"width":"100%","max_width":"normal","alignment":"center","type_preset":"h4","font":"var(--font-body--family)","font_size":"","line_height":"normal","letter_spacing":"normal","case":"none","wrap":"pretty","color":"var(--color-foreground-heading)","background":true,"background_color":"#000000f4","corner_radius":0,"padding-block-start":4,"padding-block-end":4,"padding-inline-start":8,"padding-inline-end":8},"blocks":{}},"collection-card-image":{"type":"_collection-card-image","name":"t:names.collection_card_image","static":true,"settings":{"image_ratio":"portrait","toggle_overlay":false,"overlay_color":"#00000026","overlay_style":"solid","gradient_direction":"to top","border":"none","border_width":1,"border_opacity":100,"border_radius":0},"blocks":{}}},"block_order":["collection_title_MpAbdm"]}},"block_order":["group_F3TVaQ"],"name":"t:names.collections_grid","settings":{"collection_list":["raw-amber-stones","amethyst-gemstones","aquamarine","buy-raw-kashmir-sapphires-kashmir-rubies-stones","emerald-gemstones","buy-corundum-stones","rocks-and-mineral-specimens-for-sale","fluorescent-minerals-and-gems","garnets-gemstones","facet-rough-gemstones-for-sale","peridots-gemstones","rare-gemstone-and-minerals","buy-raw-topaz-loose-topaz-forsale","buy-rough-afghanite-rare-mineral"],"layout_type":"grid","carousel_on_mobile":false,"columns":7,"mobile_columns":"2","columns_gap":8,"bento_gap":8,"rows_gap":8,"max_collections":4,"icons_style":"arrow","icons_shape":"none","section_width":"page-width","gap":6,"color_scheme":"scheme-1","padding-block-start":13,"padding-block-end":13}}},"order":["hero_mPDh3p","section_N3mREb","main","section_wd3PbA","section_dACcXh","collection_list_AJgRQD"]}