{"sections":{"1753966936565d1308":{"type":"_blocks","blocks":{"text_YeziEK":{"type":"text","name":"t:names.heading","settings":{"text":"<h1>Loyalty Programs for Our Loyal Customers<\/h1>","width":"100%","max_width":"none","alignment":"center","type_preset":"rte","font":"var(--font-body--family)","font_size":"1rem","line_height":"normal","letter_spacing":"normal","case":"none","wrap":"pretty","color":"var(--color-foreground)","background":false,"background_color":"#00000026","corner_radius":0,"padding-block-start":58,"padding-block-end":0,"padding-inline-start":0,"padding-inline-end":0},"blocks":{}},"bloy_loyalty_rewards_bloy_loyalty_points_program_GzFHGD":{"type":"shopify:\/\/apps\/bloy-loyalty-rewards\/blocks\/bloy-loyalty-points-program\/97e8894d-00f0-41a9-b986-49828146257c","settings":{"primary_color":"#001584","background_color":"#ffffff","heading_text":"Points program","subtitle":"Become a member to earn points and gain exclusive rewards for every purchase you make","primary_button":"Join now","secondary_button":"Sign in"}},"bloy_loyalty_rewards_bloy_loyalty_ways_earn_eUX8iH":{"type":"shopify:\/\/apps\/bloy-loyalty-rewards\/blocks\/bloy-loyalty-ways-earn\/97e8894d-00f0-41a9-b986-49828146257c","disabled":true,"settings":{"primary_color":"#001584","background_color":"#ffffff","modal_primary_color":"#001584","heading_title":"Ways to earn points","subtitle":"Complete the actions below to earn points - unlock exclusive rewards by engaging with our store.","sign_up_button":"Complete","make_purchase_button":"Make a purchase","celebrate_birthday_button":"Update","follow_instagram_button":"Complete","share_facebook_button":"Complete","like_facebook_button":"Complete","follow_x_button":"Complete","share_x_button":"Complete","follow_tiktok_button":"Complete","review_button":"Complete","refer_button":"Refer","subscribe_button":"Subscribe","birthday_title":"Celebrate your birthday","birthday_subtitle":"Birthday rewards can only be claimed once per year. Please enter or update your birthday at least 30 days in advance.","birthday_button":"Update","birthday_updated_title":"Birthday updated","birthday_updated_subtitle":"You'll automatically receive {x points} on your birthday.","birthday_updated_button":"Okay","subscribe_updated_title":"Thank you for your subscription!","subscribe_updated_subtitle":"You’ve earned {x points} to unlock exciting rewards ahead!"}},"group_bKNVQD":{"type":"group","name":"t:names.group","settings":{"link":"","open_in_new_tab":false,"content_direction":"row","vertical_on_mobile":true,"horizontal_alignment":"flex-start","vertical_alignment":"center","align_baseline":false,"horizontal_alignment_flex_direction_column":"flex-start","vertical_alignment_flex_direction_column":"center","gap":12,"width":"fill","custom_width":100,"width_mobile":"fill","custom_width_mobile":100,"height":"fit","custom_height":100,"inherit_color_scheme":true,"color_scheme":"","background_media":"none","video_position":"cover","background_image_position":"cover","border":"none","border_width":1,"border_opacity":100,"border_radius":0,"placeholder":"","toggle_overlay":true,"overlay_color":"#f5dafb","overlay_style":"solid","gradient_direction":"to top","padding-block-start":0,"padding-block-end":0,"padding-inline-start":0,"padding-inline-end":0},"blocks":{"bloy_loyalty_rewards_bloy_loyalty_ways_earn_LndyhN":{"type":"shopify:\/\/apps\/bloy-loyalty-rewards\/blocks\/bloy-loyalty-ways-earn\/97e8894d-00f0-41a9-b986-49828146257c","settings":{"primary_color":"#001584","background_color":"#FFFFFF","modal_primary_color":"#001584","heading_title":"Ways to earn points","subtitle":"Complete the actions below to earn points - unlock exclusive rewards by engaging with our store.","sign_up_button":"Complete","make_purchase_button":"Make a purchase","celebrate_birthday_button":"Update","follow_instagram_button":"Complete","share_facebook_button":"Complete","like_facebook_button":"Complete","follow_x_button":"Complete","share_x_button":"Complete","follow_tiktok_button":"Complete","review_button":"Complete","refer_button":"Refer","subscribe_button":"Subscribe","birthday_title":"Celebrate your birthday","birthday_subtitle":"Birthday rewards can only be claimed once per year. Please enter or update your birthday at least 30 days in advance.","birthday_button":"Update","birthday_updated_title":"Birthday updated","birthday_updated_subtitle":"You'll automatically receive {x points} on your birthday.","birthday_updated_button":"Okay","subscribe_updated_title":"Thank you for your subscription!","subscribe_updated_subtitle":"You’ve earned {x points} to unlock exciting rewards ahead!"}},"bloy_loyalty_rewards_bloy_loyalty_ways_redeem_VP8eyV":{"type":"shopify:\/\/apps\/bloy-loyalty-rewards\/blocks\/bloy-loyalty-ways-redeem\/97e8894d-00f0-41a9-b986-49828146257c","settings":{"primary_color":"#001584","background_color":"#FFFFFF","modal_primary_color":"#001584","toast_primary_color":"#001584","heading_title":"Ways to redeem points","subtitle":"Use your points to claim the rewards listed below and apply them during checkout.","redeem_button":"Redeem","redeem_title":"Redeem points","redeem_subtitle":"Copy or apply the discount code to your cart. If you do not use this code now, you can always access it later in Your Rewards tab.","redeem_primary_button":"Copy","redeem_secondary_button":"Apply","redeem_store_credit_subtitle":"Available store credit is automatically shown at checkout. Simply choose whether to apply it to your order.","redeem_tertiary_button":"Okay","toast_copied":"Discount copied","toast_applied":"Discount applied"}}},"block_order":["bloy_loyalty_rewards_bloy_loyalty_ways_earn_LndyhN","bloy_loyalty_rewards_bloy_loyalty_ways_redeem_VP8eyV"]},"group_7fmLB4":{"type":"group","name":"t:names.group","settings":{"link":"","open_in_new_tab":false,"content_direction":"row","vertical_on_mobile":true,"horizontal_alignment":"center","vertical_alignment":"center","align_baseline":false,"horizontal_alignment_flex_direction_column":"flex-start","vertical_alignment_flex_direction_column":"center","gap":12,"width":"fill","custom_width":100,"width_mobile":"fill","custom_width_mobile":100,"height":"fit","custom_height":100,"inherit_color_scheme":true,"color_scheme":"","background_media":"none","video_position":"cover","background_image_position":"cover","border":"none","border_width":1,"border_opacity":100,"border_radius":0,"placeholder":"","toggle_overlay":false,"overlay_color":"#00000026","overlay_style":"solid","gradient_direction":"to top","padding-block-start":0,"padding-block-end":0,"padding-inline-start":0,"padding-inline-end":0},"blocks":{"bloy_loyalty_rewards_bloy_loyalty_balance_Ytzp3G":{"type":"shopify:\/\/apps\/bloy-loyalty-rewards\/blocks\/bloy-loyalty-balance\/97e8894d-00f0-41a9-b986-49828146257c","settings":{"primary_color":"#001584","background_color":"#ffffff","toast_primary_color":"#001584","heading_text":"Your balance: {x points}","your_reward":"Your rewards","your_activities":"Your activities","copy_button":"Copy","apply_button":"Apply","used_badge":"Used","empty_state_rewards_title":"No rewards yet","empty_state_rewards_content":"You do not have any rewards yet. Start earning points to get access to exclusive rewards.","empty_state_activities_title":"No activities yet","empty_state_activities_content":"No activities have been logged in the points program. Start earning points to get access to exclusive rewards.","empty_state_rewards_image":"shopify:\/\/shop_images\/empty-state-no-rewards.png","empty_state_activities_image":"shopify:\/\/shop_images\/empty-state-no-activites.png","toast_copied":"Discount copied","toast_applied":"Discount applied"}},"bloy_loyalty_rewards_bloy_loyalty_vip_program_JDN8FC":{"type":"shopify:\/\/apps\/bloy-loyalty-rewards\/blocks\/bloy-loyalty-vip-program\/97e8894d-00f0-41a9-b986-49828146257c","disabled":true,"settings":{"heading_title":"VIP tiers","subtitle":"Join VIP program to enjoy exclusive rewards and special perks made just for you!"}}},"block_order":["bloy_loyalty_rewards_bloy_loyalty_balance_Ytzp3G","bloy_loyalty_rewards_bloy_loyalty_vip_program_JDN8FC"]}},"block_order":["text_YeziEK","bloy_loyalty_rewards_bloy_loyalty_points_program_GzFHGD","bloy_loyalty_rewards_bloy_loyalty_ways_earn_eUX8iH","group_bKNVQD","group_7fmLB4"],"settings":{"content_direction":"column","vertical_on_mobile":true,"horizontal_alignment":"flex-start","vertical_alignment":"center","align_baseline":false,"horizontal_alignment_flex_direction_column":"flex-start","vertical_alignment_flex_direction_column":"center","gap":12,"section_width":"page-width","section_height":"","section_height_custom":50,"color_scheme":"","background_media":"none","video_position":"cover","background_image_position":"cover","border":"none","border_width":1,"border_opacity":100,"border_radius":0,"toggle_overlay":false,"overlay_color":"#00000026","overlay_style":"solid","gradient_direction":"to top","padding-block-start":0,"padding-block-end":0}},"main":{"type":"main-page","blocks":{"heading":{"type":"text","name":"Title","settings":{"text":"<h2>{{ closest.page.title }}<\/h2>","width":"100%","max_width":"normal","alignment":"left","type_preset":"h2","font":"var(--font-primary--family)","font_size":"","line_height":"normal","letter_spacing":"normal","case":"none","wrap":"pretty","color":"","background":false,"background_color":"#00000026","corner_radius":0,"padding-block-start":0,"padding-block-end":0,"padding-inline-start":0,"padding-inline-end":0},"blocks":{}},"page-content":{"type":"page-content","settings":{},"blocks":{}}},"block_order":["heading","page-content"],"settings":{"content_direction":"column","gap":32,"color_scheme":"","padding-block-start":40,"padding-block-end":80}}},"order":["1753966936565d1308","main"]}