{"sections":{"hero_Yq4iEN":{"type":"hero","blocks":{"text_RTQgzA":{"type":"text","settings":{"text":"<h2>Welcome to Folkmarketgems<\/h2>","width":"fit-content","max_width":"none","alignment":"left","type_preset":"h1","font":"var(--font-body--family)","font_size":"1rem","line_height":"normal","letter_spacing":"normal","case":"none","wrap":"pretty","color":"var(--color-foreground)","background":false,"background_color":"#00000026","corner_radius":0,"padding-block-start":0,"padding-block-end":0,"padding-inline-start":0,"padding-inline-end":0},"blocks":{}}},"block_order":["text_RTQgzA"],"name":"t:names.hero","settings":{"media_type_1":"image","image_1":"shopify:\/\/shop_images\/rock-hunting-pictures.png","media_type_2":"image","link":"","open_in_new_tab":false,"content_direction":"column","vertical_on_mobile":true,"horizontal_alignment":"flex-start","vertical_alignment":"center","align_baseline":false,"horizontal_alignment_flex_direction_column":"center","vertical_alignment_flex_direction_column":"center","gap":16,"section_width":"page-width","section_height":"small","section_height_custom":50,"color_scheme":"scheme-5","toggle_overlay":true,"overlay_color":"#00000070","overlay_style":"solid","gradient_direction":"to top","blurred_reflection":false,"reflection_opacity":75,"padding-block-start":40,"padding-block-end":40}},"section_9dNifq":{"type":"section","blocks":{"text_UDXLwq":{"type":"text","name":"t:names.heading","settings":{"text":"<h2>Story of Gems Folks at Folkmarketgems<\/h2>","width":"fit-content","max_width":"normal","alignment":"left","type_preset":"rte","font":"var(--font-body--family)","font_size":"1rem","line_height":"normal","letter_spacing":"normal","case":"none","wrap":"pretty","color":"var(--color-foreground)","background":false,"background_color":"#00000026","corner_radius":0,"padding-block-start":0,"padding-block-end":0,"padding-inline-start":0,"padding-inline-end":0},"blocks":{}},"text_YJGWQL":{"type":"text","settings":{"text":"<p>Folkmarket Gems & Minerals is a group of expert geologists, gemologists, rockhounding enthusiasts and skilled gemstone cutters. Our journey started in 2008, when the founding members—Late Gulzar Ahmad, Miss Samina Gulzar (daughter of Gulzar Ahmad), Ruzina Gulzar, and Dilawer Hussain—came together with a shared passion and determination for starting a natural minerals and gemstones business. The driving force behind establishing Folkmarket Gems was the unwavering support of Gulzar Ahmad, who encouraged his daughters at every step in the launch and expansion of this gemstone business. In 2022, Gulzar Ahmad bid farewell to the world, leaving behind a legacy of dedication and determination. It was through his appreciable and tireless efforts that his daughters were able to create a reputable destination for international buyers looking for authentic and natural gemstones online. His legacy lives in the genuine and exceptional offerings at Folkmarket Gems Minerals, a place to the vision and dedication that continues to shape our business. Today, Folkmarket Gems & Minerals stands as a place to the vision and commitments instilled by Gulzar Ahmad, offering a genuine and trustworthy platform for those in search of quality stones worldwide.<br\/><br\/>Folk Market Gems Store online is the best place for wholesale raw cut gemstones, minerals and crystals. At Folk Market Gems, we take pride in taking you to the world of 100% natural and genuine gemstones, minerals, and crystals from the rich mineral mines around the world. As a leading online shopping store for natural gemstone and mineral collectors, we are committed to offer a diverse range of earthly-mined gemstones which are carefully always selected by our team of experts and gemologists.<\/p><h3>Wholesale Gemstone Dealers<\/h3><p>With over 15 years of experience, we proudly serve as wholesale gemstone dealers globally. Folk Market Gems is also the best choice for wholesale gemstone dealers and buyers. We keep on offering competitive pricing and a vast diverse selection of quality raw gemstones, loose gemstones, and mineral specimens. Our team is always ready to provide expert piece of advice and recommendations to help you find the perfect stone for your creations or business.<\/p><h3><strong>Why Folk Market Gems?<\/strong><\/h3><p>Folkmarket Gems mission is always to provide the customers with a unique and diverse range of natural gemstones handpicked by our expert team of gemstone hunters. We are dedicated to offer the best shopping experience.<\/p><h3><strong>Explore Our Natural Gemstones and Mineral Collections<\/strong><\/h3><p>Our product range includes:<\/p><ul><li>Facet rough gemstones<\/li><li>Lapidary rough\/cabbing rough gemstones<\/li><li>Raw crystals<\/li><li>Fine mineral specimens<\/li><li>Cut loose gemstones<\/li><li>Cabochons and tumbles<\/li><li>Crystal healing pendants<\/li><\/ul><p><strong>Thank You for Choosing Folk Market Gems<\/strong><\/p><p>Thank you for choosing FolkMarket Gems. We look forward to help you bringing the diverse and vast range of natural gemstones, minerals, and crystals. Whether you're a collector, faceting gemstone cutter, a lapidary artists, a gemstone jewelry designer, or gemstone wholesale supplier, our stones selection and packages have covered every kind of buyer. Explore the world of Folk Market Gems. We make sure your business needs meet yours requirements at Folkmarket Gems.<\/p><p>About Us100% Natural Gemstones & Minerals Directly from mine in Wholesale <\/p>","width":"100%","max_width":"none","alignment":"left","type_preset":"rte","font":"var(--font-body--family)","font_size":"1rem","line_height":"normal","letter_spacing":"normal","case":"none","wrap":"pretty","color":"var(--color-foreground)","background":false,"background_color":"#00000026","corner_radius":0,"padding-block-start":0,"padding-block-end":0,"padding-inline-start":0,"padding-inline-end":0},"blocks":{}}},"block_order":["text_UDXLwq","text_YJGWQL"],"name":"t:names.pull_quote","settings":{"content_direction":"column","vertical_on_mobile":true,"horizontal_alignment":"flex-start","vertical_alignment":"center","align_baseline":false,"horizontal_alignment_flex_direction_column":"flex-start","vertical_alignment_flex_direction_column":"center","gap":16,"section_width":"page-width","section_height":"","section_height_custom":50,"color_scheme":"","background_media":"none","video_position":"cover","background_image_position":"cover","border":"none","border_width":1,"border_opacity":100,"border_radius":0,"toggle_overlay":false,"overlay_color":"#00000026","overlay_style":"solid","gradient_direction":"to top","padding-block-start":64,"padding-block-end":64}},"main":{"type":"main-page","blocks":{"heading":{"type":"text","name":"Title","settings":{"text":"<h1>{{ closest.page.title }}<\/h1>","width":"100%","max_width":"normal","alignment":"left","type_preset":"h1","font":"var(--font-primary--family)","font_size":"","line_height":"normal","letter_spacing":"normal","case":"none","wrap":"pretty","color":"","background":false,"background_color":"#00000026","corner_radius":0,"padding-block-start":0,"padding-block-end":0,"padding-inline-start":0,"padding-inline-end":0},"blocks":{}},"page-content":{"type":"page-content","settings":{},"blocks":{}}},"block_order":["heading","page-content"],"disabled":true,"settings":{"content_direction":"column","gap":32,"color_scheme":"","padding-block-start":40,"padding-block-end":80}},"section_7Ewqmd":{"type":"section","blocks":{"image_BiRQX9":{"type":"image","disabled":true,"settings":{"link":"","image_ratio":"square","width":"fill","custom_width":100,"width_mobile":"fill","custom_width_mobile":100,"height":"fit","border":"none","border_width":1,"border_opacity":100,"border_radius":0,"padding-block-start":0,"padding-block-end":0,"padding-inline-start":0,"padding-inline-end":0},"blocks":{}},"video_DXWAyV":{"type":"video","name":"t:names.video","settings":{"source":"uploaded","video":"shopify:\/\/files\/videos\/Folkmarketgems Introduction.mp4","video_url":"","video_autoplay":true,"video_loop":true,"alt":"","custom_width":100,"custom_width_mobile":100,"aspect_ratio":"auto","border":"none","border_width":1,"border_opacity":100,"border_radius":0,"padding-block-start":0,"padding-block-end":0,"padding-inline-start":0,"padding-inline-end":0},"blocks":{}},"group_zUD9jw":{"type":"group","settings":{"link":"","open_in_new_tab":false,"content_direction":"column","vertical_on_mobile":true,"horizontal_alignment":"flex-start","vertical_alignment":"center","align_baseline":false,"horizontal_alignment_flex_direction_column":"flex-start","vertical_alignment_flex_direction_column":"center","gap":12,"width":"custom","custom_width":100,"width_mobile":"fill","custom_width_mobile":100,"height":"fit","custom_height":100,"inherit_color_scheme":true,"color_scheme":"","background_media":"none","video_position":"cover","background_image_position":"cover","border":"none","border_width":1,"border_opacity":100,"border_radius":0,"toggle_overlay":false,"overlay_color":"#00000026","overlay_style":"solid","gradient_direction":"to top","padding-block-start":0,"padding-block-end":0,"padding-inline-start":0,"padding-inline-end":0},"blocks":{"text_9CJEny":{"type":"text","name":"t:names.heading","settings":{"text":"<p>A User-Friendly Secure Safest Gemstone Shopping Experience<\/p>","width":"fit-content","max_width":"normal","alignment":"left","type_preset":"h3","font":"var(--font-body--family)","font_size":"1rem","line_height":"normal","letter_spacing":"normal","case":"none","wrap":"pretty","color":"var(--color-foreground)","background":false,"background_color":"#00000026","corner_radius":0,"padding-block-start":0,"padding-block-end":0,"padding-inline-start":0,"padding-inline-end":0},"blocks":{}},"text_zCEnFa":{"type":"text","settings":{"text":"<p>At FolkMarket Gems, we believe that shopping for natural gemstones should be a user-friendly experience by the customers. That's why we offer fast and reliable shipping services, online secured payment gateways, and friendly customer service to make your experience and feel good with us.<\/p>","width":"fit-content","max_width":"none","alignment":"left","type_preset":"rte","font":"var(--font-body--family)","font_size":"1rem","line_height":"normal","letter_spacing":"normal","case":"none","wrap":"pretty","color":"var(--color-foreground)","background":false,"background_color":"#00000026","corner_radius":0,"padding-block-start":0,"padding-block-end":0,"padding-inline-start":0,"padding-inline-end":0},"blocks":{}},"button_pKMQ77":{"type":"button","settings":{"label":"Shop now","link":"shopify:\/\/collections\/all","open_in_new_tab":false,"style_class":"button","width":"fit-content","custom_width":100,"width_mobile":"fit-content","custom_width_mobile":100},"blocks":{}}},"block_order":["text_9CJEny","text_zCEnFa","button_pKMQ77"]}},"block_order":["image_BiRQX9","video_DXWAyV","group_zUD9jw"],"name":"t:names.image_with_text","settings":{"content_direction":"row","vertical_on_mobile":true,"horizontal_alignment":"flex-start","vertical_alignment":"center","align_baseline":false,"horizontal_alignment_flex_direction_column":"flex-start","vertical_alignment_flex_direction_column":"center","gap":32,"section_width":"page-width","section_height":"","section_height_custom":50,"color_scheme":"","background_media":"none","video_position":"cover","background_image_position":"cover","border":"none","border_width":1,"border_opacity":100,"border_radius":0,"toggle_overlay":false,"overlay_color":"#00000026","overlay_style":"solid","gradient_direction":"to top","padding-block-start":40,"padding-block-end":40}},"media_with_content_qtnL9H":{"type":"media-with-content","blocks":{"media":{"type":"_media-without-appearance","static":true,"settings":{"media_type":"image","image":"shopify:\/\/shop_images\/Dilawer-Hunza.jpg","link":"","video_loop":true,"video_autoplay":false,"image_position":"cover","video_position":"cover"},"blocks":{}},"content":{"type":"_content-without-appearance","static":true,"settings":{"horizontal_alignment_flex_direction_column":"flex-start","vertical_alignment_flex_direction_column":"flex-end","gap":24},"blocks":{"text_9RUEBh":{"type":"text","name":"t:names.heading","settings":{"text":"<h2><strong>Our Commitment to Go For Ethical Sourcing<\/strong><\/h2>","width":"fit-content","max_width":"none","alignment":"left","type_preset":"rte","font":"var(--font-body--family)","font_size":"1rem","line_height":"normal","letter_spacing":"normal","case":"none","wrap":"pretty","color":"var(--color-foreground)","background":false,"background_color":"#00000026","corner_radius":0,"padding-block-start":0,"padding-block-end":0,"padding-inline-start":0,"padding-inline-end":0},"blocks":{}},"text_Mn9CmP":{"type":"text","name":"t:names.text","settings":{"text":"<p>Our gemstones collection present the raw and polished beauty of precious stones, semi precious stones ranging from rare rubies to breathtaking emeralds, sapphires to aquamarine, morganite, spinels, tourmaline, garnets, topaz, quartz and much more. We force on ethical gemstone sourcing by working directly with local mines owners, contractors and labours to ensure that we supply only natural gems and crystals with a clear conscience.<\/p>","width":"fit-content","max_width":"normal","alignment":"left","type_preset":"rte","font":"var(--font-body--family)","font_size":"1rem","line_height":"normal","letter_spacing":"normal","case":"none","wrap":"pretty","color":"var(--color-foreground)","background":false,"background_color":"#00000026","corner_radius":0,"padding-block-start":0,"padding-block-end":0,"padding-inline-start":0,"padding-inline-end":0},"blocks":{}}},"block_order":["text_9RUEBh","text_Mn9CmP"]}},"name":"t:names.editorial_jumbo_text","settings":{"media_position":"right","media_width":"medium","media_height":"60svh","section_width":"full-width","extend_media":true,"color_scheme":"scheme-3","padding-block-start":0,"padding-block-end":0}},"section_hnjW4Q":{"type":"section","blocks":{"group_GzPfTR":{"type":"group","settings":{"link":"","open_in_new_tab":false,"content_direction":"column","vertical_on_mobile":true,"horizontal_alignment":"flex-start","vertical_alignment":"center","align_baseline":false,"horizontal_alignment_flex_direction_column":"center","vertical_alignment_flex_direction_column":"center","gap":16,"width":"fill","custom_width":100,"width_mobile":"fill","custom_width_mobile":100,"height":"fit","custom_height":100,"inherit_color_scheme":true,"color_scheme":"","background_media":"none","video_position":"cover","background_image_position":"cover","border":"none","border_width":1,"border_opacity":100,"border_radius":0,"toggle_overlay":false,"overlay_color":"#00000026","overlay_style":"solid","gradient_direction":"to top","padding-block-start":0,"padding-block-end":0,"padding-inline-start":0,"padding-inline-end":0},"blocks":{"icon_wjkQ9V":{"type":"icon","settings":{"icon":"none","image_upload":"shopify:\/\/shop_images\/Gulzar_b7b9bd3d-2624-4b34-ac0a-98e73243f47b.jpg","width":40,"link":"","open_in_new_tab":false},"blocks":{}},"group_GMQTXU":{"type":"group","settings":{"link":"","open_in_new_tab":false,"content_direction":"column","vertical_on_mobile":true,"horizontal_alignment":"flex-start","vertical_alignment":"center","align_baseline":false,"horizontal_alignment_flex_direction_column":"flex-start","vertical_alignment_flex_direction_column":"center","gap":4,"width":"fill","custom_width":100,"width_mobile":"fill","custom_width_mobile":100,"height":"fit","custom_height":100,"inherit_color_scheme":true,"color_scheme":"","background_media":"none","video_position":"cover","background_image_position":"cover","border":"none","border_width":1,"border_opacity":100,"border_radius":0,"toggle_overlay":false,"overlay_color":"#00000026","overlay_style":"solid","gradient_direction":"to top","padding-block-start":0,"padding-block-end":0,"padding-inline-start":0,"padding-inline-end":0},"blocks":{"text_EpUaPP":{"type":"text","settings":{"text":"<h3>Late Gulzar Ahmad<\/h3>","width":"100%","max_width":"normal","alignment":"center","type_preset":"h3","font":"var(--font-body--family)","font_size":"","line_height":"normal","letter_spacing":"normal","case":"none","wrap":"pretty","color":"var(--color-foreground)","background":false,"background_color":"#00000026","corner_radius":0,"padding-block-start":0,"padding-block-end":0,"padding-inline-start":0,"padding-inline-end":0},"blocks":{}},"text_gpqMGq":{"type":"text","settings":{"text":"<p>Founder of Folkmarketgems, Mr. Gulzar Ahmed <\/p>","width":"100%","max_width":"normal","alignment":"center","type_preset":"rte","font":"var(--font-body--family)","font_size":"","line_height":"normal","letter_spacing":"normal","case":"none","wrap":"pretty","color":"var(--color-foreground)","background":false,"background_color":"#00000026","corner_radius":0,"padding-block-start":0,"padding-block-end":0,"padding-inline-start":0,"padding-inline-end":0},"blocks":{}}},"block_order":["text_EpUaPP","text_gpqMGq"]}},"block_order":["icon_wjkQ9V","group_GMQTXU"]},"group_Ux9yRp":{"type":"group","settings":{"link":"","open_in_new_tab":false,"content_direction":"column","vertical_on_mobile":true,"horizontal_alignment":"flex-start","vertical_alignment":"center","align_baseline":false,"horizontal_alignment_flex_direction_column":"center","vertical_alignment_flex_direction_column":"center","gap":16,"width":"fill","custom_width":100,"width_mobile":"fill","custom_width_mobile":100,"height":"fit","custom_height":100,"inherit_color_scheme":true,"color_scheme":"","background_media":"none","video_position":"cover","background_image_position":"cover","border":"none","border_width":1,"border_opacity":100,"border_radius":0,"toggle_overlay":false,"overlay_color":"#00000026","overlay_style":"solid","gradient_direction":"to top","padding-block-start":0,"padding-block-end":0,"padding-inline-start":0,"padding-inline-end":0},"blocks":{"icon_djwndG":{"type":"icon","settings":{"icon":"heart","image_upload":"shopify:\/\/shop_images\/Samina2.webp","width":200,"link":"https:\/\/www.facebook.com\/samina.gulzar.714920\/","open_in_new_tab":false},"blocks":{}},"group_Hnd9nh":{"type":"group","settings":{"link":"","open_in_new_tab":false,"content_direction":"column","vertical_on_mobile":true,"horizontal_alignment":"flex-start","vertical_alignment":"center","align_baseline":false,"horizontal_alignment_flex_direction_column":"flex-start","vertical_alignment_flex_direction_column":"center","gap":4,"width":"fill","custom_width":100,"width_mobile":"fill","custom_width_mobile":100,"height":"fit","custom_height":100,"inherit_color_scheme":true,"color_scheme":"","background_media":"none","video_position":"cover","background_image_position":"cover","border":"none","border_width":1,"border_opacity":100,"border_radius":0,"toggle_overlay":false,"overlay_color":"#00000026","overlay_style":"solid","gradient_direction":"to top","padding-block-start":0,"padding-block-end":0,"padding-inline-start":0,"padding-inline-end":0},"blocks":{"text_ec4Cbm":{"type":"text","settings":{"text":"<h2>Samina Gulzar<\/h2>","width":"100%","max_width":"normal","alignment":"center","type_preset":"h3","font":"var(--font-body--family)","font_size":"","line_height":"normal","letter_spacing":"normal","case":"none","wrap":"pretty","color":"var(--color-foreground)","background":false,"background_color":"#00000026","corner_radius":0,"padding-block-start":0,"padding-block-end":0,"padding-inline-start":0,"padding-inline-end":0},"blocks":{}},"text_8qjiCX":{"type":"text","settings":{"text":"<p><strong>Gemologist <\/strong>| Expert in identifying and appraising gemstones <br\/><a href=\"https:\/\/www.facebook.com\/samina.gulzar.714920\/\" target=\"_blank\" title=\"https:\/\/www.facebook.com\/samina.gulzar.714920\/\"><strong>Facebook Profile<\/strong><\/a><\/p>","width":"100%","max_width":"normal","alignment":"center","type_preset":"rte","font":"var(--font-body--family)","font_size":"","line_height":"normal","letter_spacing":"normal","case":"none","wrap":"pretty","color":"var(--color-foreground)","background":false,"background_color":"#00000026","corner_radius":0,"padding-block-start":0,"padding-block-end":0,"padding-inline-start":0,"padding-inline-end":0},"blocks":{}}},"block_order":["text_ec4Cbm","text_8qjiCX"]}},"block_order":["icon_djwndG","group_Hnd9nh"]},"group_jgxfFN":{"type":"group","settings":{"link":"","open_in_new_tab":false,"content_direction":"column","vertical_on_mobile":true,"horizontal_alignment":"flex-start","vertical_alignment":"center","align_baseline":false,"horizontal_alignment_flex_direction_column":"center","vertical_alignment_flex_direction_column":"center","gap":16,"width":"fill","custom_width":100,"width_mobile":"fill","custom_width_mobile":100,"height":"fit","custom_height":100,"inherit_color_scheme":true,"color_scheme":"","background_media":"none","video_position":"cover","background_image_position":"cover","border":"none","border_width":1,"border_opacity":100,"border_radius":0,"toggle_overlay":false,"overlay_color":"#00000026","overlay_style":"solid","gradient_direction":"to top","padding-block-start":0,"padding-block-end":0,"padding-inline-start":0,"padding-inline-end":0},"blocks":{"icon_ewGd8H":{"type":"icon","settings":{"icon":"silhouette","image_upload":"shopify:\/\/shop_images\/Adnan_Akram.jpg","width":200,"link":"","open_in_new_tab":false},"blocks":{}},"group_UV687M":{"type":"group","settings":{"link":"","open_in_new_tab":false,"content_direction":"column","vertical_on_mobile":true,"horizontal_alignment":"flex-start","vertical_alignment":"center","align_baseline":false,"horizontal_alignment_flex_direction_column":"flex-start","vertical_alignment_flex_direction_column":"center","gap":4,"width":"fill","custom_width":100,"width_mobile":"fill","custom_width_mobile":100,"height":"fit","custom_height":100,"inherit_color_scheme":true,"color_scheme":"","background_media":"none","video_position":"cover","background_image_position":"cover","border":"none","border_width":1,"border_opacity":100,"border_radius":0,"toggle_overlay":false,"overlay_color":"#00000026","overlay_style":"solid","gradient_direction":"to top","padding-block-start":0,"padding-block-end":0,"padding-inline-start":0,"padding-inline-end":0},"blocks":{"text_h8cMfm":{"type":"text","settings":{"text":"<h2>Adnan Akram<\/h2>","width":"100%","max_width":"normal","alignment":"center","type_preset":"h3","font":"var(--font-body--family)","font_size":"","line_height":"normal","letter_spacing":"normal","case":"none","wrap":"pretty","color":"var(--color-foreground)","background":false,"background_color":"#00000026","corner_radius":0,"padding-block-start":0,"padding-block-end":0,"padding-inline-start":0,"padding-inline-end":0},"blocks":{}},"text_9jMm8b":{"type":"text","settings":{"text":"<p>A passionate gemologist and collector<\/p>","width":"100%","max_width":"normal","alignment":"center","type_preset":"rte","font":"var(--font-body--family)","font_size":"","line_height":"normal","letter_spacing":"normal","case":"none","wrap":"pretty","color":"var(--color-foreground)","background":false,"background_color":"#00000026","corner_radius":0,"padding-block-start":0,"padding-block-end":0,"padding-inline-start":0,"padding-inline-end":0},"blocks":{}}},"block_order":["text_h8cMfm","text_9jMm8b"]}},"block_order":["icon_ewGd8H","group_UV687M"]}},"block_order":["group_GzPfTR","group_Ux9yRp","group_jgxfFN"],"name":"t:names.icons_with_text","settings":{"content_direction":"row","vertical_on_mobile":false,"horizontal_alignment":"flex-start","vertical_alignment":"center","align_baseline":false,"horizontal_alignment_flex_direction_column":"flex-start","vertical_alignment_flex_direction_column":"center","gap":16,"section_width":"page-width","section_height":"","section_height_custom":50,"color_scheme":"","background_media":"none","video_position":"cover","background_image_position":"cover","border":"none","border_width":1,"border_opacity":100,"border_radius":0,"toggle_overlay":false,"overlay_color":"#00000026","overlay_style":"solid","gradient_direction":"to top","padding-block-start":48,"padding-block-end":8}},"section_4369B9":{"type":"section","blocks":{"group_7GNrwA":{"type":"group","settings":{"link":"","open_in_new_tab":false,"content_direction":"column","vertical_on_mobile":true,"horizontal_alignment":"flex-start","vertical_alignment":"center","align_baseline":false,"horizontal_alignment_flex_direction_column":"center","vertical_alignment_flex_direction_column":"center","gap":16,"width":"fill","custom_width":100,"width_mobile":"fill","custom_width_mobile":100,"height":"fit","custom_height":100,"inherit_color_scheme":true,"color_scheme":"","background_media":"none","video_position":"cover","background_image_position":"cover","border":"none","border_width":1,"border_opacity":100,"border_radius":0,"toggle_overlay":false,"overlay_color":"#00000026","overlay_style":"solid","gradient_direction":"to top","padding-block-start":0,"padding-block-end":0,"padding-inline-start":0,"padding-inline-end":0},"blocks":{"icon_nVTbMW":{"type":"icon","settings":{"icon":"none","image_upload":"shopify:\/\/shop_images\/Rozina_Gulzar.png","width":152,"link":"","open_in_new_tab":false},"blocks":{}},"group_MyxKpH":{"type":"group","settings":{"link":"","open_in_new_tab":false,"content_direction":"column","vertical_on_mobile":true,"horizontal_alignment":"flex-start","vertical_alignment":"center","align_baseline":false,"horizontal_alignment_flex_direction_column":"flex-start","vertical_alignment_flex_direction_column":"center","gap":4,"width":"fill","custom_width":100,"width_mobile":"fill","custom_width_mobile":100,"height":"fit","custom_height":100,"inherit_color_scheme":true,"color_scheme":"","background_media":"none","video_position":"cover","background_image_position":"cover","border":"none","border_width":1,"border_opacity":100,"border_radius":0,"toggle_overlay":false,"overlay_color":"#00000026","overlay_style":"solid","gradient_direction":"to top","padding-block-start":0,"padding-block-end":0,"padding-inline-start":0,"padding-inline-end":0},"blocks":{"text_CGYVK9":{"type":"text","settings":{"text":"<h3>Rozina Gulzar<\/h3>","width":"100%","max_width":"normal","alignment":"center","type_preset":"h3","font":"var(--font-body--family)","font_size":"","line_height":"normal","letter_spacing":"normal","case":"none","wrap":"pretty","color":"var(--color-foreground)","background":false,"background_color":"#00000026","corner_radius":0,"padding-block-start":0,"padding-block-end":0,"padding-inline-start":0,"padding-inline-end":0},"blocks":{}},"text_Fx8KQb":{"type":"text","settings":{"text":"<p>Rock-hounder | Gemstone Cutter<\/p>","width":"100%","max_width":"normal","alignment":"center","type_preset":"rte","font":"var(--font-body--family)","font_size":"","line_height":"normal","letter_spacing":"normal","case":"none","wrap":"pretty","color":"var(--color-foreground)","background":false,"background_color":"#00000026","corner_radius":0,"padding-block-start":0,"padding-block-end":0,"padding-inline-start":0,"padding-inline-end":0},"blocks":{}}},"block_order":["text_CGYVK9","text_Fx8KQb"]}},"block_order":["icon_nVTbMW","group_MyxKpH"]},"group_98zhCj":{"type":"group","settings":{"link":"","open_in_new_tab":false,"content_direction":"column","vertical_on_mobile":true,"horizontal_alignment":"flex-start","vertical_alignment":"center","align_baseline":false,"horizontal_alignment_flex_direction_column":"center","vertical_alignment_flex_direction_column":"center","gap":16,"width":"fill","custom_width":100,"width_mobile":"fill","custom_width_mobile":100,"height":"fit","custom_height":100,"inherit_color_scheme":true,"color_scheme":"","background_media":"none","video_position":"cover","background_image_position":"cover","border":"none","border_width":1,"border_opacity":100,"border_radius":0,"toggle_overlay":false,"overlay_color":"#00000026","overlay_style":"solid","gradient_direction":"to top","padding-block-start":0,"padding-block-end":0,"padding-inline-start":0,"padding-inline-end":0},"blocks":{"icon_geTAgx":{"type":"icon","settings":{"icon":"heart","image_upload":"shopify:\/\/shop_images\/Robina_Gulzar.png","width":152,"link":"","open_in_new_tab":true},"blocks":{}},"group_pyjteY":{"type":"group","settings":{"link":"","open_in_new_tab":false,"content_direction":"column","vertical_on_mobile":true,"horizontal_alignment":"flex-start","vertical_alignment":"center","align_baseline":false,"horizontal_alignment_flex_direction_column":"flex-start","vertical_alignment_flex_direction_column":"center","gap":4,"width":"fill","custom_width":100,"width_mobile":"fill","custom_width_mobile":100,"height":"fit","custom_height":100,"inherit_color_scheme":true,"color_scheme":"","background_media":"none","video_position":"cover","background_image_position":"cover","border":"none","border_width":1,"border_opacity":100,"border_radius":0,"toggle_overlay":false,"overlay_color":"#00000026","overlay_style":"solid","gradient_direction":"to top","padding-block-start":0,"padding-block-end":0,"padding-inline-start":0,"padding-inline-end":0},"blocks":{"text_YFrWit":{"type":"text","settings":{"text":"<h2>Robina Gul<\/h2>","width":"100%","max_width":"normal","alignment":"center","type_preset":"h3","font":"var(--font-body--family)","font_size":"","line_height":"normal","letter_spacing":"normal","case":"none","wrap":"pretty","color":"var(--color-foreground)","background":false,"background_color":"#00000026","corner_radius":0,"padding-block-start":0,"padding-block-end":0,"padding-inline-start":0,"padding-inline-end":0},"blocks":{}},"text_BcFt4Y":{"type":"text","settings":{"text":"<p>Gemstone Enthusiast and Specialist<\/p>","width":"100%","max_width":"normal","alignment":"center","type_preset":"rte","font":"var(--font-body--family)","font_size":"","line_height":"normal","letter_spacing":"normal","case":"none","wrap":"pretty","color":"var(--color-foreground)","background":false,"background_color":"#00000026","corner_radius":0,"padding-block-start":0,"padding-block-end":0,"padding-inline-start":0,"padding-inline-end":0},"blocks":{}}},"block_order":["text_YFrWit","text_BcFt4Y"]}},"block_order":["icon_geTAgx","group_pyjteY"]},"group_hYJxzh":{"type":"group","settings":{"link":"","open_in_new_tab":false,"content_direction":"column","vertical_on_mobile":true,"horizontal_alignment":"flex-start","vertical_alignment":"center","align_baseline":false,"horizontal_alignment_flex_direction_column":"center","vertical_alignment_flex_direction_column":"center","gap":16,"width":"fill","custom_width":100,"width_mobile":"fill","custom_width_mobile":100,"height":"fit","custom_height":100,"inherit_color_scheme":true,"color_scheme":"","background_media":"none","video_position":"cover","background_image_position":"cover","border":"none","border_width":1,"border_opacity":100,"border_radius":0,"toggle_overlay":false,"overlay_color":"#00000026","overlay_style":"solid","gradient_direction":"to top","padding-block-start":0,"padding-block-end":0,"padding-inline-start":0,"padding-inline-end":0},"blocks":{"icon_VVBPAV":{"type":"icon","settings":{"icon":"silhouette","image_upload":"shopify:\/\/shop_images\/Dilawer_Hussain.png","width":200,"link":"","open_in_new_tab":false},"blocks":{}},"group_pdqqdL":{"type":"group","settings":{"link":"","open_in_new_tab":false,"content_direction":"column","vertical_on_mobile":true,"horizontal_alignment":"flex-start","vertical_alignment":"center","align_baseline":false,"horizontal_alignment_flex_direction_column":"flex-start","vertical_alignment_flex_direction_column":"center","gap":4,"width":"fill","custom_width":100,"width_mobile":"fill","custom_width_mobile":100,"height":"fit","custom_height":100,"inherit_color_scheme":true,"color_scheme":"","background_media":"none","video_position":"cover","background_image_position":"cover","border":"none","border_width":1,"border_opacity":100,"border_radius":0,"toggle_overlay":false,"overlay_color":"#00000026","overlay_style":"solid","gradient_direction":"to top","padding-block-start":0,"padding-block-end":0,"padding-inline-start":0,"padding-inline-end":0},"blocks":{"text_3eNMep":{"type":"text","settings":{"text":"<h2>Dilawer Hussain<\/h2>","width":"100%","max_width":"normal","alignment":"center","type_preset":"h3","font":"var(--font-body--family)","font_size":"","line_height":"normal","letter_spacing":"normal","case":"none","wrap":"pretty","color":"var(--color-foreground)","background":false,"background_color":"#00000026","corner_radius":0,"padding-block-start":0,"padding-block-end":0,"padding-inline-start":0,"padding-inline-end":0},"blocks":{}},"text_3peYyt":{"type":"text","settings":{"text":"<p>Skilled in sourcing high-quality stones<\/p>","width":"100%","max_width":"normal","alignment":"center","type_preset":"rte","font":"var(--font-body--family)","font_size":"","line_height":"normal","letter_spacing":"normal","case":"none","wrap":"pretty","color":"var(--color-foreground)","background":false,"background_color":"#00000026","corner_radius":0,"padding-block-start":0,"padding-block-end":0,"padding-inline-start":0,"padding-inline-end":0},"blocks":{}}},"block_order":["text_3eNMep","text_3peYyt"]}},"block_order":["icon_VVBPAV","group_pdqqdL"]}},"block_order":["group_7GNrwA","group_98zhCj","group_hYJxzh"],"name":"t:names.icons_with_text","settings":{"content_direction":"row","vertical_on_mobile":false,"horizontal_alignment":"flex-start","vertical_alignment":"center","align_baseline":false,"horizontal_alignment_flex_direction_column":"flex-start","vertical_alignment_flex_direction_column":"center","gap":16,"section_width":"page-width","section_height":"","section_height_custom":50,"color_scheme":"","background_media":"none","video_position":"cover","background_image_position":"cover","border":"none","border_width":1,"border_opacity":100,"border_radius":0,"toggle_overlay":false,"overlay_color":"#00000026","overlay_style":"solid","gradient_direction":"to top","padding-block-start":1,"padding-block-end":48}},"custom_liquid_weJzLi":{"type":"custom-liquid","name":"t:names.custom_liquid","settings":{"custom_liquid":"{% comment %}\n  Instagram Widget for @folkmarketgems\n  Save as: instagram-feed.liquid\n{% endcomment %}\n\n{{ 'instafeed.min.js' | asset_url | script_tag }}\n\n<style>\n  .instagram-container {\n    padding: 40px 20px;\n    background: #f8f8f8;\n    margin: 2rem 0;\n  }\n  .instagram-title {\n    text-align: center;\n    margin-bottom: 25px;\n  }\n  .instagram-title h2 {\n    font-size: 28px;\n    margin: 0 0 10px;\n    color: #333;\n  }\n  .instagram-title a {\n    color: #E1306C;\n    text-decoration: none;\n    font-weight: 500;\n  }\n  .instagram-feed {\n    display: flex;\n    overflow-x: auto;\n    gap: 15px;\n    padding: 10px 0;\n    scrollbar-width: thin;\n  }\n  .instagram-post {\n    flex: 0 0 280px;\n    border-radius: 12px;\n    overflow: hidden;\n    position: relative;\n    transition: transform 0.3s ease;\n  }\n  .instagram-post:hover {\n    transform: translateY(-5px);\n  }\n  .instagram-image {\n    width: 100%;\n    height: 280px;\n    object-fit: cover;\n    border-radius: 12px;\n  }\n  \n  \/* Scrollbar Styling *\/\n  .instagram-feed::-webkit-scrollbar {\n    height: 8px;\n  }\n  .instagram-feed::-webkit-scrollbar-track {\n    background: #f1f1f1;\n    border-radius: 4px;\n  }\n  .instagram-feed::-webkit-scrollbar-thumb {\n    background: #888;\n    border-radius: 4px;\n  }\n<\/style>\n\n<div class=\"instagram-container\">\n  <div class=\"instagram-title\">\n    <h2>Follow Us @folkmarketgems<\/h2>\n    <a href=\"https:\/\/www.instagram.com\/folkmarketgems\" target=\"_blank\" rel=\"noopener noreferrer\">\n      View Profile →\n    <\/a>\n  <\/div>\n  <div id=\"instafeed\" class=\"instagram-feed\"><\/div>\n<\/div>\n\n<script>\n  document.addEventListener('DOMContentLoaded', function() {\n    const userId = '17841406338772949'; \/\/ Your Instagram User ID (get from https:\/\/smashballoon.com\/instagram-feed\/find-instagram-user-id\/)\n    const accessToken = 'IGQWRO...'; \/\/ Your Instagram Access Token\n\n    const feed = new Instafeed({\n      accessToken: accessToken,\n      userId: userId,\n      target: 'instafeed',\n      limit: 12,\n      resolution: 'standard_resolution',\n      template: `\n        <a href=\"{{link}}\" target=\"_blank\" rel=\"noopener noreferrer\" class=\"instagram-post\">\n          <img src=\"{{image}}\" alt=\"{{caption}}\" class=\"instagram-image\" loading=\"lazy\">\n        <\/a>\n      `,\n      filter: function(image) {\n        return image.type === 'image' || image.type === 'carousel';\n      },\n      after: function() {\n        \/\/ Add fallback for broken images\n        document.querySelectorAll('.instagram-image').forEach(img => {\n          img.onerror = function() {\n            this.parentElement.remove();\n          }\n        });\n      }\n    });\n\n    \/\/ Run feed with error handling\n    feed.run().catch(error => {\n      console.error('Instagram Feed Error:', error);\n      document.getElementById('instafeed').innerHTML = `\n        <div style=\"text-align:center; width:100%; padding:20px; color:#666\">\n          Follow us on Instagram to see our latest posts!\n        <\/div>\n      `;\n    });\n  });\n<\/script>","color_scheme":"","section_width":"page-width","padding-block-start":0,"padding-block-end":0}}},"order":["hero_Yq4iEN","section_9dNifq","main","section_7Ewqmd","media_with_content_qtnL9H","section_hnjW4Q","section_4369B9","custom_liquid_weJzLi"]}