{"sections":{"main":{"type":"main-page","blocks":{"heading":{"type":"text","name":"Title","settings":{"text":"<h1>Folkmarket Gems Services<\/h1>","width":"100%","max_width":"none","alignment":"center","type_preset":"h1","font":"var(--font-primary--family)","font_size":"","line_height":"normal","letter_spacing":"normal","case":"none","wrap":"pretty","color":"","background":false,"background_color":"#00000026","corner_radius":0,"padding-block-start":0,"padding-block-end":0,"padding-inline-start":0,"padding-inline-end":0},"blocks":{}},"page-content":{"type":"page-content","settings":{},"blocks":{}}},"block_order":["heading","page-content"],"settings":{"content_direction":"column","gap":32,"color_scheme":"","padding-block-start":40,"padding-block-end":0}},"section_MmpLma":{"type":"section","blocks":{"image_daGQYh":{"type":"image","settings":{"image":"shopify:\/\/shop_images\/rough_stones_b887f005-2aa9-4c72-966b-a78e89726d53.png","link":"","image_ratio":"square","width":"fill","custom_width":100,"width_mobile":"fill","custom_width_mobile":100,"height":"fit","border":"none","border_width":1,"border_opacity":100,"border_radius":0,"padding-block-start":0,"padding-block-end":0,"padding-inline-start":0,"padding-inline-end":0},"blocks":{}},"group_cGBFEc":{"type":"group","settings":{"link":"","open_in_new_tab":false,"content_direction":"column","vertical_on_mobile":true,"horizontal_alignment":"flex-start","vertical_alignment":"center","align_baseline":false,"horizontal_alignment_flex_direction_column":"flex-start","vertical_alignment_flex_direction_column":"center","gap":12,"width":"custom","custom_width":100,"width_mobile":"fill","custom_width_mobile":100,"height":"fit","custom_height":100,"inherit_color_scheme":true,"color_scheme":"","background_media":"none","video_position":"cover","background_image_position":"cover","border":"none","border_width":1,"border_opacity":100,"border_radius":0,"toggle_overlay":false,"overlay_color":"#00000026","overlay_style":"solid","gradient_direction":"to top","padding-block-start":0,"padding-block-end":0,"padding-inline-start":0,"padding-inline-end":0},"blocks":{"text_76PFpe":{"type":"text","name":"t:names.heading","settings":{"text":"<p>Gemstones from mines<\/p>","width":"fit-content","max_width":"normal","alignment":"left","type_preset":"h3","font":"var(--font-body--family)","font_size":"1rem","line_height":"normal","letter_spacing":"normal","case":"none","wrap":"pretty","color":"var(--color-foreground)","background":false,"background_color":"#00000026","corner_radius":0,"padding-block-start":0,"padding-block-end":0,"padding-inline-start":0,"padding-inline-end":0},"blocks":{}},"text_xBtHUj":{"type":"text","settings":{"text":"<p>We offer raw stone gemstones. Popular gemstones are following:-<\/p><ul><li>Natural Emeralds (Learn about type of emeralds we have)<\/li><li>Corundum<\/li><li>Peridots<\/li><li>Kashmir Stones<\/li><li>Others<\/li><\/ul>","width":"fit-content","max_width":"narrow","alignment":"left","type_preset":"rte","font":"var(--font-body--family)","font_size":"1rem","line_height":"normal","letter_spacing":"normal","case":"none","wrap":"pretty","color":"var(--color-foreground)","background":false,"background_color":"#00000026","corner_radius":0,"padding-block-start":0,"padding-block-end":0,"padding-inline-start":0,"padding-inline-end":0},"blocks":{}},"button_PJbmnG":{"type":"button","settings":{"label":"Shop now","link":"shopify:\/\/collections\/rough-gemstones-wholesale","open_in_new_tab":false,"style_class":"button","width":"fit-content","custom_width":100,"width_mobile":"fit-content","custom_width_mobile":100},"blocks":{}}},"block_order":["text_76PFpe","text_xBtHUj","button_PJbmnG"]}},"block_order":["image_daGQYh","group_cGBFEc"],"name":"t:names.image_with_text","settings":{"content_direction":"row","vertical_on_mobile":true,"horizontal_alignment":"flex-start","vertical_alignment":"center","align_baseline":false,"horizontal_alignment_flex_direction_column":"flex-start","vertical_alignment_flex_direction_column":"center","gap":32,"section_width":"page-width","section_height":"","section_height_custom":50,"color_scheme":"","background_media":"none","video_position":"cover","background_image_position":"cover","border":"none","border_width":1,"border_opacity":100,"border_radius":0,"toggle_overlay":false,"overlay_color":"#00000026","overlay_style":"solid","gradient_direction":"to top","padding-block-start":40,"padding-block-end":40}},"media_with_content_VDLyep":{"type":"media-with-content","blocks":{"media":{"type":"_media-without-appearance","static":true,"settings":{"media_type":"video","link":"","video":"shopify:\/\/files\/videos\/Buy Facet Rough.mp4","video_loop":true,"video_autoplay":true,"image_position":"cover","video_position":"cover"},"blocks":{}},"content":{"type":"_content-without-appearance","static":true,"settings":{"horizontal_alignment_flex_direction_column":"flex-start","vertical_alignment_flex_direction_column":"space-between","gap":24},"blocks":{"text_8CiH79":{"type":"text","name":"t:names.caption","settings":{"text":"<p>Bestseller<\/p>","width":"fit-content","max_width":"normal","alignment":"left","type_preset":"h6","font":"var(--font-body--family)","font_size":"1rem","line_height":"normal","letter_spacing":"normal","case":"none","wrap":"pretty","color":"var(--color-foreground)","background":false,"background_color":"#00000026","corner_radius":0,"padding-block-start":0,"padding-block-end":0,"padding-inline-start":0,"padding-inline-end":0},"blocks":{}},"group_4BaAkG":{"type":"group","settings":{"link":"","open_in_new_tab":false,"content_direction":"column","vertical_on_mobile":true,"horizontal_alignment":"flex-start","vertical_alignment":"center","align_baseline":false,"horizontal_alignment_flex_direction_column":"flex-start","vertical_alignment_flex_direction_column":"center","gap":12,"width":"fill","custom_width":100,"width_mobile":"fill","custom_width_mobile":100,"height":"fit","custom_height":100,"inherit_color_scheme":true,"color_scheme":"","background_media":"none","video_position":"cover","background_image_position":"cover","border":"none","border_width":1,"border_opacity":100,"border_radius":0,"toggle_overlay":false,"overlay_color":"#00000026","overlay_style":"solid","gradient_direction":"to top","padding-block-start":0,"padding-block-end":0,"padding-inline-start":0,"padding-inline-end":0},"blocks":{"text_3M8LLU":{"type":"text","name":"t:names.heading","settings":{"text":"<p>Gemstone Cutting<\/p>","width":"fit-content","max_width":"normal","alignment":"left","type_preset":"h3","font":"var(--font-body--family)","font_size":"1rem","line_height":"normal","letter_spacing":"normal","case":"none","wrap":"pretty","color":"var(--color-foreground)","background":false,"background_color":"#00000026","corner_radius":0,"padding-block-start":0,"padding-block-end":0,"padding-inline-start":0,"padding-inline-end":0},"blocks":{}},"text_xfD6Ng":{"type":"text","settings":{"text":"<p>Folkmarketgems also offer natural gemstone cutting services such as faceting, lapidary, cabbing, tumbling. <\/p><ul><li>Faceting facet grade raw gemstones<\/li><li>Faceting faceted \/ loose gemstones for jewelry designers<\/li><li>Cabochons <\/li><li>Tumbling<\/li><\/ul>","width":"fit-content","max_width":"narrow","alignment":"left","type_preset":"rte","font":"var(--font-body--family)","font_size":"1rem","line_height":"normal","letter_spacing":"normal","case":"none","wrap":"pretty","color":"var(--color-foreground)","background":false,"background_color":"#00000026","corner_radius":0,"padding-block-start":0,"padding-block-end":0,"padding-inline-start":0,"padding-inline-end":0},"blocks":{}}},"block_order":["text_3M8LLU","text_xfD6Ng"]},"button_FLxxGR":{"type":"button","settings":{"label":"Contact Us","link":"shopify:\/\/pages\/contact-folkmarket-gems-for-natural-gemstones","open_in_new_tab":false,"style_class":"link","width":"fit-content","custom_width":100,"width_mobile":"fit-content","custom_width_mobile":100},"blocks":{}}},"block_order":["text_8CiH79","group_4BaAkG","button_FLxxGR"]}},"name":"t:names.editorial","settings":{"media_position":"right","media_width":"medium","media_height":"60svh","section_width":"full-width","extend_media":true,"color_scheme":"scheme-4","padding-block-start":0,"padding-block-end":0}},"media_with_content_zTJWqH":{"type":"media-with-content","blocks":{"media":{"type":"_media-without-appearance","static":true,"settings":{"media_type":"video","link":"","video":"shopify:\/\/files\/videos\/JEWELRY-MAKING-STONES.mp4","video_loop":true,"video_autoplay":true,"image_position":"cover","video_position":"cover"},"blocks":{}},"content":{"type":"_content-without-appearance","static":true,"settings":{"horizontal_alignment_flex_direction_column":"flex-end","vertical_alignment_flex_direction_column":"flex-end","gap":24},"blocks":{"jumbo_text_7VmPrc":{"type":"jumbo-text","name":"t:names.jumbo_text","settings":{"text":"Jewelry Making","font":"heading","alignment":"right","line_height":"0.8","letter_spacing":"-0.03em","case":"uppercase","text_effect":"none","animation_repeat":false},"blocks":{}},"text_MCFQV9":{"type":"text","name":"t:names.text","settings":{"text":"<p>Folkmarketgems offer variety of jewelry making services especially as following:-<\/p><ul><li>Raw Stone Jewelry<\/li><li>Crystal Healing Pendants<\/li><li>Loose Gemstones Jewelry such as rings, pendants, earrings<\/li><\/ul>","width":"100%","max_width":"none","alignment":"left","type_preset":"rte","font":"var(--font-body--family)","font_size":"1rem","line_height":"normal","letter_spacing":"normal","case":"none","wrap":"pretty","color":"var(--color-foreground)","background":false,"background_color":"#00000026","corner_radius":0,"padding-block-start":0,"padding-block-end":0,"padding-inline-start":0,"padding-inline-end":0},"blocks":{}}},"block_order":["jumbo_text_7VmPrc","text_MCFQV9"]}},"name":"t:names.editorial_jumbo_text","settings":{"media_position":"left","media_width":"medium","media_height":"60svh","section_width":"full-width","extend_media":true,"color_scheme":"scheme-3","padding-block-start":0,"padding-block-end":45}}},"order":["main","section_MmpLma","media_with_content_VDLyep","media_with_content_zTJWqH"]}