{"sections":{"hero_Y3nBya":{"type":"hero","blocks":{"text_kqMBRb":{"type":"text","settings":{"text":"<h1>Contact Folkmarketgems<\/h1>","width":"fit-content","max_width":"narrow","alignment":"left","type_preset":"h1","font":"var(--font-body--family)","font_size":"1rem","line_height":"normal","letter_spacing":"normal","case":"none","wrap":"pretty","color":"var(--color-foreground)","background":false,"background_color":"#00000026","corner_radius":0,"padding-block-start":0,"padding-block-end":0,"padding-inline-start":0,"padding-inline-end":0},"blocks":{}},"text_LnxiaD":{"type":"text","settings":{"text":"<p>We will answer your every quierry<\/p>","width":"fit-content","max_width":"narrow","alignment":"left","type_preset":"rte","font":"var(--font-body--family)","font_size":"1rem","line_height":"normal","letter_spacing":"normal","case":"none","wrap":"pretty","color":"var(--color-foreground)","background":false,"background_color":"#00000026","corner_radius":0,"padding-block-start":0,"padding-block-end":32,"padding-inline-start":0,"padding-inline-end":0},"blocks":{}}},"block_order":["text_kqMBRb","text_LnxiaD"],"name":"t:names.hero","settings":{"media_type_1":"image","image_1":"shopify:\/\/shop_images\/20250601_0022_Mountain_Crystal_Hunting_remix_01jwkwkkcaeavtddtymr2a0v9d.png","media_type_2":"image","link":"","open_in_new_tab":false,"content_direction":"column","vertical_on_mobile":true,"horizontal_alignment":"flex-start","vertical_alignment":"center","align_baseline":false,"horizontal_alignment_flex_direction_column":"center","vertical_alignment_flex_direction_column":"center","gap":16,"section_width":"page-width","section_height":"small","section_height_custom":50,"color_scheme":"scheme-5","toggle_overlay":true,"overlay_color":"#00000058","overlay_style":"solid","gradient_direction":"to top","blurred_reflection":false,"reflection_opacity":75,"padding-block-start":40,"padding-block-end":40}},"section_VnbUjX":{"type":"section","blocks":{"image_UY3iRf":{"type":"image","settings":{"image":"shopify:\/\/shop_images\/20250531_2352_Wholesale_Gemstone_Deals_simple_compose_01jwktxgcgfdcrz1y5xec000tq.png","link":"","image_ratio":"adapt","width":"fill","custom_width":100,"width_mobile":"custom","custom_width_mobile":100,"height":"fit","border":"none","border_width":1,"border_opacity":100,"border_radius":0,"padding-block-start":0,"padding-block-end":0,"padding-inline-start":0,"padding-inline-end":0},"blocks":{}},"group_kHFVXV":{"type":"group","settings":{"link":"","open_in_new_tab":false,"content_direction":"column","vertical_on_mobile":true,"horizontal_alignment":"flex-start","vertical_alignment":"center","align_baseline":false,"horizontal_alignment_flex_direction_column":"flex-start","vertical_alignment_flex_direction_column":"center","gap":12,"width":"custom","custom_width":100,"width_mobile":"fill","custom_width_mobile":100,"height":"fit","custom_height":100,"inherit_color_scheme":true,"color_scheme":"","background_media":"none","video_position":"cover","background_image_position":"cover","border":"none","border_width":1,"border_opacity":100,"border_radius":0,"toggle_overlay":false,"overlay_color":"#00000026","overlay_style":"solid","gradient_direction":"to top","padding-block-start":0,"padding-block-end":0,"padding-inline-start":0,"padding-inline-end":0},"blocks":{"text_Ehi9k7":{"type":"text","name":"t:names.heading","settings":{"text":"<h2>Contact Address<\/h2>","width":"fit-content","max_width":"none","alignment":"left","type_preset":"h2","font":"var(--font-body--family)","font_size":"1rem","line_height":"normal","letter_spacing":"normal","case":"none","wrap":"pretty","color":"var(--color-foreground)","background":false,"background_color":"#00000026","corner_radius":0,"padding-block-start":0,"padding-block-end":0,"padding-inline-start":0,"padding-inline-end":0},"blocks":{}},"text_LaqwxX":{"type":"text","settings":{"text":"<p><strong>Email:  <\/strong><a href=\"mailto:info@folkmarketgems.com\">info@folkmarketgems.com<\/a><\/p><p><a href=\"mailto:support@folkmarketgems.com\" target=\"_blank\" title=\"mailto:support@folkmarketgems.com \">support@folkmarketgems.com<\/a><\/p><p><strong>Gmail<\/strong>:<a href=\"mailto:folkmarketgems@gmail.com\" target=\"_blank\" title=\"mailto:folkmarketgems@gmail.com\"> folkmarketgems@gmail.com<\/a><br\/><\/p><p><a href=\"https:\/\/wa.me\/message\/RVC67NPDRQ4DO1\" target=\"_blank\" title=\"https:\/\/wa.me\/message\/RVC67NPDRQ4DO1\"><strong>Join WhatsApp<\/strong><\/a><strong>:<\/strong><\/p><p>+923268999919 | +66617237765<\/p>","width":"fit-content","max_width":"none","alignment":"left","type_preset":"custom","font":"var(--font-body--family)","font_size":"1.5rem","line_height":"normal","letter_spacing":"normal","case":"none","wrap":"balance","color":"var(--color-foreground-heading)","background":false,"background_color":"#0000000f","corner_radius":0,"padding-block-start":0,"padding-block-end":0,"padding-inline-start":0,"padding-inline-end":0},"blocks":{}}},"block_order":["text_Ehi9k7","text_LaqwxX"]}},"block_order":["image_UY3iRf","group_kHFVXV"],"name":"t:names.image_with_text","settings":{"content_direction":"row","vertical_on_mobile":true,"horizontal_alignment":"flex-start","vertical_alignment":"center","align_baseline":false,"horizontal_alignment_flex_direction_column":"flex-start","vertical_alignment_flex_direction_column":"center","gap":32,"section_width":"page-width","section_height":"","section_height_custom":50,"color_scheme":"","background_media":"none","video_position":"cover","background_image_position":"cover","border":"none","border_width":1,"border_opacity":100,"border_radius":0,"toggle_overlay":false,"overlay_color":"#00000026","overlay_style":"solid","gradient_direction":"to top","padding-block-start":40,"padding-block-end":40}},"main":{"type":"main-page","blocks":{"title":{"type":"text","name":"t:names.title","settings":{"text":"<h2>{{ closest.page.title }}<\/h2>","width":"100%","max_width":"normal","alignment":"center","type_preset":"h1","font":"var(--font-primary--family)","font_size":"","line_height":"normal","letter_spacing":"normal","case":"none","wrap":"pretty","color":"","background":false,"background_color":"#00000026","corner_radius":0,"padding-block-start":0,"padding-block-end":0,"padding-inline-start":0,"padding-inline-end":0},"blocks":{}},"content":{"type":"text","name":"t:names.content","settings":{"text":"{{ closest.page.content }}","width":"100%","max_width":"narrow","alignment":"center","type_preset":"rte","font":"var(--font-primary--family)","font_size":"","line_height":"normal","letter_spacing":"normal","case":"none","wrap":"pretty","color":"","background":false,"background_color":"#00000026","corner_radius":0,"padding-block-start":0,"padding-block-end":0,"padding-inline-start":0,"padding-inline-end":0},"blocks":{}}},"block_order":["title","content"],"disabled":true,"settings":{"content_direction":"column","gap":32,"color_scheme":"","padding-block-start":40,"padding-block-end":0}},"form":{"type":"section","blocks":{"text_8N9C8T":{"type":"text","name":"t:names.heading","settings":{"text":"<h2>Write Us Email<\/h2>","width":"fit-content","max_width":"normal","alignment":"left","type_preset":"rte","font":"var(--font-body--family)","font_size":"1rem","line_height":"normal","letter_spacing":"normal","case":"none","wrap":"pretty","color":"var(--color-foreground)","background":false,"background_color":"#00000026","corner_radius":0,"padding-block-start":0,"padding-block-end":0,"padding-inline-start":0,"padding-inline-end":0},"blocks":{}},"contact_form_UwiCkQ":{"type":"contact-form","settings":{"width":"custom","custom_width":50,"width_mobile":"custom","custom_width_mobile":100,"inherit_color_scheme":true,"color_scheme":"","padding-block-start":0,"padding-block-end":0,"padding-inline-start":0,"padding-inline-end":0},"blocks":{"submit-button":{"type":"contact-form-submit-button","static":true,"settings":{"label":"Submit","style_class":"button","width":"fit-content","custom_width":100,"width_mobile":"fit-content","custom_width_mobile":100},"blocks":{}}},"block_order":[]}},"block_order":["text_8N9C8T","contact_form_UwiCkQ"],"name":"t:names.contact_form","settings":{"content_direction":"column","vertical_on_mobile":true,"horizontal_alignment":"flex-start","vertical_alignment":"center","align_baseline":false,"horizontal_alignment_flex_direction_column":"center","vertical_alignment_flex_direction_column":"center","gap":32,"section_width":"page-width","section_height":"","section_height_custom":50,"color_scheme":"scheme-2","background_media":"none","video_position":"cover","background_image_position":"cover","border":"none","border_width":1,"border_opacity":100,"border_radius":0,"toggle_overlay":false,"overlay_color":"#00000026","overlay_style":"solid","gradient_direction":"to top","padding-block-start":14,"padding-block-end":3}},"section_WKNVVz":{"type":"section","blocks":{"text_7gHtac":{"type":"text","name":"t:names.heading","settings":{"text":"<h3>Frequently asked questions<\/h3>","width":"fit-content","max_width":"narrow","alignment":"left","type_preset":"rte","font":"var(--font-body--family)","font_size":"","line_height":"normal","letter_spacing":"normal","case":"none","wrap":"pretty","color":"var(--color-foreground)","background":false,"background_color":"#00000026","corner_radius":0,"padding-block-start":0,"padding-block-end":0,"padding-inline-start":0,"padding-inline-end":0},"blocks":{}},"accordion_AKDBgp":{"type":"accordion","name":"t:names.accordion","settings":{"icon":"caret","dividers":true,"type_preset":"h5","inherit_color_scheme":true,"color_scheme":"","border":"none","border_width":1,"border_opacity":100,"border_radius":0,"padding-block-start":0,"padding-block-end":0,"padding-inline-start":43,"padding-inline-end":45},"blocks":{"accordion_row_C7yGJP":{"type":"_accordion-row","settings":{"heading":"What is Ordering Process on Folkmarketgems?","open_by_default":false},"blocks":{"text_ayEtUm":{"type":"text","settings":{"text":"<p><strong>Streamlined Ordering Guide for Folkmarketgems<\/strong><br\/>Our platform is designed for simplicity and ease. Follow these quick steps to complete your purchase:<\/p><ul><li><strong>Browse & Select<\/strong>: Explore our catalog and pick the item(s) you want.<\/li><li><strong>Add to Cart<\/strong>: Click the <strong>“Add to Cart”<\/strong> button to save your choices.<\/li><li><strong>Checkout<\/strong>: Navigate to the <strong>“Checkout”<\/strong> button to begin the process.<\/li><li><strong>Enter Details<\/strong>: Fill in your shipping and billing information as guided.<\/li><li><strong>Payment<\/strong>: Choose from our secure payment options (e.g., credit card, PayPal).<\/li><li><strong>Confirm<\/strong>: Double-check your order summary and finalize the purchase.<\/li><\/ul><p><strong>After Order Placement<\/strong>:<\/p><ul><li>Your order is processed promptly upon confirmation.<\/li><li>Once shipped, a <strong>tracking number<\/strong> will be updated in your <strong>“Order Status”<\/strong> page for real-time monitoring.<\/li><\/ul><p><strong>Need Help?<\/strong><\/p><ul><li>Our 24\/7 customer support team is just a click away! Use the <strong>“Talk to Us”<\/strong> button (visible on all pages) for instant assistance.<\/li><\/ul><p>Enjoy a hassle-free shopping experience with Folkmarketgems! 🛒✨<\/p>","width":"100%","max_width":"none","alignment":"left","type_preset":"rte","font":"var(--font-body--family)","font_size":"","line_height":"normal","letter_spacing":"normal","case":"none","wrap":"pretty","color":"var(--color-foreground)","background":false,"background_color":"#00000026","corner_radius":0,"padding-block-start":0,"padding-block-end":0,"padding-inline-start":0,"padding-inline-end":0},"blocks":{}}},"block_order":["text_ayEtUm"]},"accordion_row_KRVEgQ":{"type":"_accordion-row","settings":{"heading":"What Type of Payments you accept?","open_by_default":false},"blocks":{"text_GVpHdP":{"type":"text","settings":{"text":"<p>We accept credit cards, PayPal, bank transfers, and Western Union. To pay by credit card, simply add your card details at checkout or link your PayPal account. For Western Union or bank transfers, please contact us directly for further instructions.<\/p>","width":"100%","max_width":"none","alignment":"left","type_preset":"rte","font":"var(--font-body--family)","font_size":"","line_height":"normal","letter_spacing":"normal","case":"none","wrap":"pretty","color":"var(--color-foreground)","background":false,"background_color":"#00000026","corner_radius":0,"padding-block-start":0,"padding-block-end":0,"padding-inline-start":0,"padding-inline-end":0},"blocks":{}}},"block_order":["text_GVpHdP"]},"accordion_row_gRqgVj":{"type":"_accordion-row","settings":{"heading":"Are my Payment Information Secure ?","open_by_default":false},"blocks":{"text_UhtXtz":{"type":"text","name":"t:names.text","settings":{"text":"<p>Yes your payment processing on Folkmarkegems.com 100% secure. We do not store your private information about card or so.<\/p>","width":"100%","max_width":"none","alignment":"left","type_preset":"rte","font":"var(--font-body--family)","font_size":"","line_height":"normal","letter_spacing":"normal","case":"none","wrap":"pretty","color":"var(--color-foreground)","background":false,"background_color":"#00000026","corner_radius":0,"padding-block-start":0,"padding-block-end":0,"padding-inline-start":0,"padding-inline-end":0},"blocks":{}}},"block_order":["text_UhtXtz"]},"accordion_row_jYdQBW":{"type":"_accordion-row","settings":{"heading":"Are your gemstones are natural?","open_by_default":false},"blocks":{"text_jLQJX9":{"type":"text","name":"t:names.text","settings":{"text":"<p>Yes All our gemstones are 100% natural and mined from mines<\/p>","width":"100%","max_width":"normal","alignment":"left","type_preset":"rte","font":"var(--font-body--family)","font_size":"","line_height":"normal","letter_spacing":"normal","case":"none","wrap":"pretty","color":"var(--color-foreground)","background":false,"background_color":"#00000026","corner_radius":0,"padding-block-start":0,"padding-block-end":0,"padding-inline-start":0,"padding-inline-end":0},"blocks":{}}},"block_order":["text_jLQJX9"]},"accordion_row_eqpYzD":{"type":"_accordion-row","settings":{"heading":"Do you offer worldwide combine shipping?","open_by_default":false},"blocks":{"text_Lr88Hy":{"type":"text","name":"t:names.text","settings":{"text":"<p>Folkmarketgems provides worldwide shipping via trusted and secure carriers such as FedEx, UPS, and DHL. Each order comes with a tracking number, enabling customers to easily track their shipment's progress.<\/p><p>You can also save on combined shipping! For orders totaling between $200 USD <em>and $<\/em>650USD+++ (up to 500 grams in weight), shipping can be free. Feel free to reach out to us via live chat or WhatsApp at +923268999919 for more details.<\/p>","width":"100%","max_width":"none","alignment":"left","type_preset":"rte","font":"var(--font-body--family)","font_size":"","line_height":"normal","letter_spacing":"normal","case":"none","wrap":"pretty","color":"var(--color-foreground)","background":false,"background_color":"#00000026","corner_radius":0,"padding-block-start":0,"padding-block-end":0,"padding-inline-start":0,"padding-inline-end":0},"blocks":{}}},"block_order":["text_Lr88Hy"]},"accordion_row_teq6JU":{"type":"_accordion-row","settings":{"heading":"Do you provide Consultancy services about gemstones?","open_by_default":false},"blocks":{"text_7cHft6":{"type":"text","name":"t:names.text","settings":{"text":"<p>Yes, we offer professional gemstone consultancy services to assist you with all your needs. Our dedicated team is available 24\/7 via live chat to provide immediate support and guidance. Additionally, you can reach out to us conveniently through WhatsApp or email for personalized assistance and expert advice. We are committed to ensuring a seamless and informative experience for every customer.<\/p>","width":"100%","max_width":"none","alignment":"left","type_preset":"rte","font":"var(--font-body--family)","font_size":"","line_height":"normal","letter_spacing":"normal","case":"none","wrap":"pretty","color":"var(--color-foreground)","background":false,"background_color":"#00000026","corner_radius":0,"padding-block-start":0,"padding-block-end":0,"padding-inline-start":0,"padding-inline-end":0},"blocks":{}}},"block_order":["text_7cHft6"]},"accordion_row_RH8eYT":{"type":"_accordion-row","settings":{"heading":"How Can I order in wholesale? What is wholesale gemstone order?","open_by_default":false},"blocks":{"text_ApFYYE":{"type":"text","name":"t:names.text","settings":{"text":"<p>Wholesale gemstone purchasing offers significant cost-saving opportunities when buying in bulk. Whether you are sourcing rough gemstones or investing in loose stones, bulk deals provide substantial savings. The greater the quantity you purchase, the higher your overall savings, making wholesale an ideal option for cost-effective procurement.<\/p><p>Step into the world of folkmarketgems.com! We're excited to offer you a seamless experience in acquiring authentic gemstones and minerals sourced globally. Whether you're a gemstone faceting cutter, lapidary artist, jewelry designer seeking loose stones, or a collector of rare mineral specimens, Folkmarketgems is committed to fulfilling your exact requirements.<\/p><p>Here's a simple guide on how to order your favorite minerals or gemstones online:<\/p><p><strong>1. Discover our website<\/strong> or browse through our Shop page at <a href=\"https:\/\/folkmarketgems.com\/collections\">https:\/\/folkmarketgems.com\/collections<\/a> to find the gemstones and minerals that capture your attention.<\/p><p>2. After locating your desired items, you have two options: either <strong>register<\/strong> an account on our website at <a href=\"https:\/\/folkmarketgems.com\/account\/register\" target=\"_blank\">https:\/\/folkmarketgems.com\/account\/register<\/a> to monitor your order and make modifications, or simply click the '<strong>Add to Cart'<\/strong> button to continue without an account and checkout as a guest.<\/p><p>3. When you're prepared to finalize your order, <strong>select the Checkout button<\/strong> and enter the necessary details, including your shipping address and payment information. Rest assured, safeguarding your privacy and security remains our utmost priority.<\/p><p>4.Please review all the provided information to verify your order before proceeding to make your payment. We accept various payment methods, including Shopify Payment, credit\/debit cards (Visa\/MasterCard), Google Pay, Apple Pay, and Meta Pay, Direct Bank Deposits, Western Union, Money Grams.<\/p><p>5. After placing your order, expect to receive a confirmation email that includes your tracking number. This will enable you to track the progress of your delivery and stay informed every step of the way.<\/p>","width":"100%","max_width":"none","alignment":"left","type_preset":"rte","font":"var(--font-body--family)","font_size":"","line_height":"normal","letter_spacing":"normal","case":"none","wrap":"pretty","color":"var(--color-foreground)","background":false,"background_color":"#00000026","corner_radius":0,"padding-block-start":0,"padding-block-end":0,"padding-inline-start":0,"padding-inline-end":0},"blocks":{}}},"block_order":["text_ApFYYE"]},"accordion_row_tBUHXY":{"type":"_accordion-row","settings":{"heading":"Do You Offer Gemstone Certificates?","open_by_default":false},"blocks":{"text_WRPyBn":{"type":"text","name":"t:names.text","settings":{"text":"<p>Yes, we do! At Folkmarketgems, we provide two options for certification: in-house certification and third-party certification from reputable gemological laboratories. If you would like your gemstone to be certified, simply add a note to your cart during checkout. Upon receiving your request, we will promptly submit the gemstone to a gemological lab to obtain the necessary certification for your purchase.<\/p><p>Please note that there is an additional fee for certification, which will be clearly stated during the checkout process. If you have any further questions about our certification process, please don’t hesitate to contact us—we’re always happy to help!<\/p>","width":"100%","max_width":"none","alignment":"left","type_preset":"rte","font":"var(--font-body--family)","font_size":"","line_height":"normal","letter_spacing":"normal","case":"none","wrap":"pretty","color":"var(--color-foreground)","background":false,"background_color":"#00000026","corner_radius":0,"padding-block-start":0,"padding-block-end":0,"padding-inline-start":0,"padding-inline-end":0},"blocks":{}}},"block_order":["text_WRPyBn"]}},"block_order":["accordion_row_C7yGJP","accordion_row_KRVEgQ","accordion_row_gRqgVj","accordion_row_jYdQBW","accordion_row_eqpYzD","accordion_row_teq6JU","accordion_row_RH8eYT","accordion_row_tBUHXY"]}},"block_order":["text_7gHtac","accordion_AKDBgp"],"name":"t:names.faq_section","settings":{"content_direction":"column","vertical_on_mobile":true,"horizontal_alignment":"flex-start","vertical_alignment":"center","align_baseline":false,"horizontal_alignment_flex_direction_column":"center","vertical_alignment_flex_direction_column":"center","gap":32,"section_width":"page-width","section_height":"","section_height_custom":50,"color_scheme":"","background_media":"none","video_position":"cover","background_image_position":"cover","border":"none","border_width":1,"border_opacity":100,"border_radius":0,"toggle_overlay":false,"overlay_color":"#00000026","overlay_style":"solid","gradient_direction":"to top","padding-block-start":27,"padding-block-end":48}},"section_JcerCY":{"type":"section","blocks":{"group_nbdMne":{"type":"group","settings":{"link":"","open_in_new_tab":false,"content_direction":"column","vertical_on_mobile":true,"horizontal_alignment":"flex-start","vertical_alignment":"center","align_baseline":false,"horizontal_alignment_flex_direction_column":"center","vertical_alignment_flex_direction_column":"center","gap":16,"width":"fill","custom_width":100,"width_mobile":"fill","custom_width_mobile":100,"height":"fit","custom_height":100,"inherit_color_scheme":true,"color_scheme":"","background_media":"none","video_position":"cover","background_image_position":"cover","border":"none","border_width":1,"border_opacity":100,"border_radius":0,"toggle_overlay":false,"overlay_color":"#00000026","overlay_style":"solid","gradient_direction":"to top","padding-block-start":0,"padding-block-end":0,"padding-inline-start":0,"padding-inline-end":0},"blocks":{"icon_ncWK4w":{"type":"icon","settings":{"icon":"check_box","width":32,"link":"","open_in_new_tab":false},"blocks":{}},"group_tieKe9":{"type":"group","settings":{"link":"","open_in_new_tab":false,"content_direction":"column","vertical_on_mobile":true,"horizontal_alignment":"flex-start","vertical_alignment":"center","align_baseline":false,"horizontal_alignment_flex_direction_column":"flex-start","vertical_alignment_flex_direction_column":"center","gap":4,"width":"fill","custom_width":100,"width_mobile":"fill","custom_width_mobile":100,"height":"fit","custom_height":100,"inherit_color_scheme":true,"color_scheme":"","background_media":"none","video_position":"cover","background_image_position":"cover","border":"none","border_width":1,"border_opacity":100,"border_radius":0,"toggle_overlay":false,"overlay_color":"#00000026","overlay_style":"solid","gradient_direction":"to top","padding-block-start":0,"padding-block-end":0,"padding-inline-start":0,"padding-inline-end":0},"blocks":{"text_ewiWKf":{"type":"text","settings":{"text":"<h2>Secure Payments<\/h2>","width":"100%","max_width":"normal","alignment":"center","type_preset":"h3","font":"var(--font-body--family)","font_size":"","line_height":"normal","letter_spacing":"normal","case":"none","wrap":"pretty","color":"var(--color-foreground)","background":false,"background_color":"#00000026","corner_radius":0,"padding-block-start":0,"padding-block-end":0,"padding-inline-start":0,"padding-inline-end":0},"blocks":{}},"text_eBjGtQ":{"type":"text","settings":{"text":"<p>Pay with world most securing methods<\/p>","width":"100%","max_width":"normal","alignment":"center","type_preset":"rte","font":"var(--font-body--family)","font_size":"","line_height":"normal","letter_spacing":"normal","case":"none","wrap":"pretty","color":"var(--color-foreground)","background":false,"background_color":"#00000026","corner_radius":0,"padding-block-start":0,"padding-block-end":0,"padding-inline-start":0,"padding-inline-end":0},"blocks":{}}},"block_order":["text_ewiWKf","text_eBjGtQ"]}},"block_order":["icon_ncWK4w","group_tieKe9"]},"group_iY79Ut":{"type":"group","settings":{"link":"","open_in_new_tab":false,"content_direction":"column","vertical_on_mobile":true,"horizontal_alignment":"flex-start","vertical_alignment":"center","align_baseline":false,"horizontal_alignment_flex_direction_column":"center","vertical_alignment_flex_direction_column":"center","gap":16,"width":"fill","custom_width":100,"width_mobile":"fill","custom_width_mobile":100,"height":"fit","custom_height":100,"inherit_color_scheme":true,"color_scheme":"","background_media":"none","video_position":"cover","background_image_position":"cover","border":"none","border_width":1,"border_opacity":100,"border_radius":0,"toggle_overlay":false,"overlay_color":"#00000026","overlay_style":"solid","gradient_direction":"to top","padding-block-start":0,"padding-block-end":0,"padding-inline-start":0,"padding-inline-end":0},"blocks":{"icon_Yj8bgp":{"type":"icon","settings":{"icon":"star","width":32,"link":"","open_in_new_tab":false},"blocks":{}},"group_dAtefK":{"type":"group","settings":{"link":"","open_in_new_tab":false,"content_direction":"column","vertical_on_mobile":true,"horizontal_alignment":"flex-start","vertical_alignment":"center","align_baseline":false,"horizontal_alignment_flex_direction_column":"flex-start","vertical_alignment_flex_direction_column":"center","gap":4,"width":"fill","custom_width":100,"width_mobile":"fill","custom_width_mobile":100,"height":"fit","custom_height":100,"inherit_color_scheme":true,"color_scheme":"","background_media":"none","video_position":"cover","background_image_position":"cover","border":"none","border_width":1,"border_opacity":100,"border_radius":0,"toggle_overlay":false,"overlay_color":"#00000026","overlay_style":"solid","gradient_direction":"to top","padding-block-start":0,"padding-block-end":0,"padding-inline-start":0,"padding-inline-end":0},"blocks":{"text_FVbbK8":{"type":"text","settings":{"text":"<h2>Shop with Confidence<\/h2>","width":"100%","max_width":"normal","alignment":"center","type_preset":"h3","font":"var(--font-body--family)","font_size":"","line_height":"normal","letter_spacing":"normal","case":"none","wrap":"pretty","color":"var(--color-foreground)","background":false,"background_color":"#00000026","corner_radius":0,"padding-block-start":0,"padding-block-end":0,"padding-inline-start":0,"padding-inline-end":0},"blocks":{}},"text_na6jPg":{"type":"text","settings":{"text":"<p>Our Buyer Protection covers your Purchase<\/p>","width":"100%","max_width":"normal","alignment":"center","type_preset":"rte","font":"var(--font-body--family)","font_size":"","line_height":"normal","letter_spacing":"normal","case":"none","wrap":"pretty","color":"var(--color-foreground)","background":false,"background_color":"#00000026","corner_radius":0,"padding-block-start":0,"padding-block-end":0,"padding-inline-start":0,"padding-inline-end":0},"blocks":{}}},"block_order":["text_FVbbK8","text_na6jPg"]}},"block_order":["icon_Yj8bgp","group_dAtefK"]},"group_hQctKY":{"type":"group","settings":{"link":"","open_in_new_tab":false,"content_direction":"column","vertical_on_mobile":true,"horizontal_alignment":"flex-start","vertical_alignment":"center","align_baseline":false,"horizontal_alignment_flex_direction_column":"center","vertical_alignment_flex_direction_column":"center","gap":16,"width":"fill","custom_width":100,"width_mobile":"fill","custom_width_mobile":100,"height":"fit","custom_height":100,"inherit_color_scheme":true,"color_scheme":"","background_media":"none","video_position":"cover","background_image_position":"cover","border":"none","border_width":1,"border_opacity":100,"border_radius":0,"toggle_overlay":false,"overlay_color":"#00000026","overlay_style":"solid","gradient_direction":"to top","padding-block-start":0,"padding-block-end":0,"padding-inline-start":0,"padding-inline-end":0},"blocks":{"icon_imrQdD":{"type":"icon","settings":{"icon":"return","width":32,"link":"","open_in_new_tab":false},"blocks":{}},"group_UmQFHN":{"type":"group","settings":{"link":"","open_in_new_tab":false,"content_direction":"column","vertical_on_mobile":true,"horizontal_alignment":"flex-start","vertical_alignment":"center","align_baseline":false,"horizontal_alignment_flex_direction_column":"flex-start","vertical_alignment_flex_direction_column":"center","gap":4,"width":"fill","custom_width":100,"width_mobile":"fill","custom_width_mobile":100,"height":"fit","custom_height":100,"inherit_color_scheme":true,"color_scheme":"","background_media":"none","video_position":"cover","background_image_position":"cover","border":"none","border_width":1,"border_opacity":100,"border_radius":0,"toggle_overlay":false,"overlay_color":"#00000026","overlay_style":"solid","gradient_direction":"to top","padding-block-start":0,"padding-block-end":0,"padding-inline-start":0,"padding-inline-end":0},"blocks":{"text_rU7cHG":{"type":"text","settings":{"text":"<h2>Moneyback Guarantee<\/h2>","width":"100%","max_width":"normal","alignment":"center","type_preset":"h3","font":"var(--font-body--family)","font_size":"","line_height":"normal","letter_spacing":"normal","case":"none","wrap":"pretty","color":"var(--color-foreground)","background":false,"background_color":"#00000026","corner_radius":0,"padding-block-start":0,"padding-block-end":0,"padding-inline-start":0,"padding-inline-end":0},"blocks":{}},"text_iPM3bm":{"type":"text","settings":{"text":"<p>Real people making great products<\/p>","width":"100%","max_width":"normal","alignment":"center","type_preset":"rte","font":"var(--font-body--family)","font_size":"","line_height":"normal","letter_spacing":"normal","case":"none","wrap":"pretty","color":"var(--color-foreground)","background":false,"background_color":"#00000026","corner_radius":0,"padding-block-start":0,"padding-block-end":0,"padding-inline-start":0,"padding-inline-end":0},"blocks":{}}},"block_order":["text_rU7cHG","text_iPM3bm"]}},"block_order":["icon_imrQdD","group_UmQFHN"]}},"block_order":["group_nbdMne","group_iY79Ut","group_hQctKY"],"name":"t:names.icons_with_text","settings":{"content_direction":"row","vertical_on_mobile":true,"horizontal_alignment":"flex-start","vertical_alignment":"center","align_baseline":false,"horizontal_alignment_flex_direction_column":"flex-start","vertical_alignment_flex_direction_column":"center","gap":16,"section_width":"page-width","section_height":"","section_height_custom":50,"color_scheme":"","background_media":"none","video_position":"cover","background_image_position":"cover","border":"none","border_width":1,"border_opacity":100,"border_radius":0,"toggle_overlay":false,"overlay_color":"#00000026","overlay_style":"solid","gradient_direction":"to top","padding-block-start":48,"padding-block-end":48}}},"order":["hero_Y3nBya","section_VnbUjX","main","form","section_WKNVVz","section_JcerCY"]}