{"sections":{"1753966936565d1308":{"type":"_blocks","blocks":{"text_Pjcbm8":{"type":"text","name":"t:names.heading","settings":{"text":"<h1>Affiliate and Referral Programs<\/h1><h4>Earn with Folkmarketgems and Start Your Gem Business<\/h4>","width":"100%","max_width":"normal","alignment":"center","type_preset":"rte","font":"var(--font-body--family)","font_size":"1rem","line_height":"normal","letter_spacing":"normal","case":"none","wrap":"pretty","color":"var(--color-foreground)","background":false,"background_color":"#00000026","corner_radius":0,"padding-block-start":53,"padding-block-end":0,"padding-inline-start":0,"padding-inline-end":0},"blocks":{}},"bloop_refer_aff_affiliate_rf_mzAU3z":{"type":"shopify:\/\/apps\/bloop-refer-aff\/blocks\/affiliate-rf\/9d243b55-b2a4-42a8-aa2e-043240bb5d58","settings":{"section_width":100,"padding_top":40,"padding_bottom":40}},"bloop_refer_aff_bss_referral_main_dwGXQm":{"type":"shopify:\/\/apps\/bloop-refer-aff\/blocks\/bss-referral-main\/9d243b55-b2a4-42a8-aa2e-043240bb5d58","settings":{"main_heading_size":"bloop_h2","image":"shopify:\/\/shop_images\/create-image-of-joining-referral-program-on-our-store.png","main_text_color":"#1b1731","main_primary_color":"#f0752b","main_background_color":"#ffffff","main_heading":"Join referral program","main_sub_heading":"They'll get 5% off, and you'll receive %2.5 after they use the gift to make a purchase.","main_heading_share":"Share to your friends","main_sub_heading_share":"Share this link with your friends to give them 20% off, and you'll get $25 after they make a purchase with the gift.","button_join_program":"Join program","join_err":"You’re not eligible to join referral program","button_continue":"Continue","invalid_email_join":"Please enter valid email","place_holder":"Enter your email","sender_label":"Your friends’ emails","sender_placeholder":"Separate each email with a comma","invalid_email_sender":"Please enter valid emails, separated by commas","message_label":"Your message","message_placeholder":"A personalized message for your friends. We will take care of adding the offer link for you :)","send_button":"Send","email_sent":"Email(s) sent to your friends!","main_padding_top":40,"main_padding_bottom":40}},"group_JFqgyz":{"type":"group","name":"t:names.group","settings":{"link":"","open_in_new_tab":false,"content_direction":"row","vertical_on_mobile":true,"horizontal_alignment":"flex-start","vertical_alignment":"center","align_baseline":false,"horizontal_alignment_flex_direction_column":"flex-start","vertical_alignment_flex_direction_column":"center","gap":0,"width":"fill","custom_width":100,"width_mobile":"fill","custom_width_mobile":100,"height":"fit","custom_height":100,"inherit_color_scheme":true,"color_scheme":"","background_media":"none","video_position":"cover","background_image_position":"cover","border":"none","border_width":1,"border_opacity":100,"border_radius":0,"placeholder":"","toggle_overlay":false,"overlay_color":"#00000026","overlay_style":"solid","gradient_direction":"to top","padding-block-start":0,"padding-block-end":0,"padding-inline-start":0,"padding-inline-end":0},"blocks":{"bloop_refer_aff_bss_referral_guide_kQwMAA":{"type":"shopify:\/\/apps\/bloop-refer-aff\/blocks\/bss-referral-guide\/9d243b55-b2a4-42a8-aa2e-043240bb5d58","settings":{"guide_heading_size":"bloop_h1","guide_text_color":"#1B1731","guide_primary_color":"#001584","guide_background_color":"#FFFFFF","guide_heading":"How it works","guide_sub_heading":"Only 4 steps to earn your rewards!","step_1_heading":"1. Join referral program","step_1_description":"Sign up and start giving your friends a reward, then claim yours when they make a purchase","step_2_heading":"2. Refer a friend","step_2_description":"Share your referral link directly with your friends or post it on social media","step_3_heading":"3. Your friend gets referred","step_3_description":"When they visit the link, your friend will receive a discount and can start making a purchase","step_4_heading":"4. Receive your reward","step_4_description":"After your friend places an order using your gift, you'll earn a discount as a reward","guide_padding_top":40,"guide_padding_bottom":40}},"bloop_refer_aff_bss_referral_reward_LybPVd":{"type":"shopify:\/\/apps\/bloop-refer-aff\/blocks\/bss-referral-reward\/9d243b55-b2a4-42a8-aa2e-043240bb5d58","settings":{"reward_heading_size":"bloop_h1","reward_text_color":"#1B1731","reward_primary_color":"#001584","reward_background_color":"#F5F1FF","reward_heading":"Your rewards","reward_sub_heading":"Your earnings from referrals","no_rewards":"You have no rewards yet","copy":"Copy","apply":"Apply","used":"Used","reward_info":"Referred {email}","reward_padding_top":40,"reward_padding_bottom":40}}},"block_order":["bloop_refer_aff_bss_referral_guide_kQwMAA","bloop_refer_aff_bss_referral_reward_LybPVd"]}},"block_order":["text_Pjcbm8","bloop_refer_aff_affiliate_rf_mzAU3z","bloop_refer_aff_bss_referral_main_dwGXQm","group_JFqgyz"],"settings":{"content_direction":"column","vertical_on_mobile":true,"horizontal_alignment":"flex-start","vertical_alignment":"center","align_baseline":false,"horizontal_alignment_flex_direction_column":"flex-start","vertical_alignment_flex_direction_column":"center","gap":12,"section_width":"page-width","section_height":"","section_height_custom":50,"color_scheme":"","background_media":"none","video_position":"cover","background_image_position":"cover","border":"none","border_width":1,"border_opacity":100,"border_radius":0,"toggle_overlay":false,"overlay_color":"#00000026","overlay_style":"solid","gradient_direction":"to top","padding-block-start":0,"padding-block-end":0}},"main":{"type":"main-page","blocks":{"heading":{"type":"text","name":"Title","settings":{"text":"<h1>{{ closest.page.title }}<\/h1>","width":"100%","max_width":"normal","alignment":"left","type_preset":"h1","font":"var(--font-primary--family)","font_size":"","line_height":"normal","letter_spacing":"normal","case":"none","wrap":"pretty","color":"","background":false,"background_color":"#00000026","corner_radius":0,"padding-block-start":0,"padding-block-end":0,"padding-inline-start":0,"padding-inline-end":0},"blocks":{}},"page-content":{"type":"page-content","settings":{},"blocks":{}}},"block_order":["heading","page-content"],"settings":{"content_direction":"column","gap":32,"color_scheme":"","padding-block-start":40,"padding-block-end":80}}},"order":["1753966936565d1308","main"]}