{"sections":{"section_MUVdYf":{"type":"section","blocks":{"ai_gen_block_981b8ac_kLXEWL":{"type":"ai_gen_block_981b8ac","name":"Product breadcrumbs","settings":{"home_text":"Home","separator_symbol":"›","background_color":"#ffffff","link_color":"#000000","link_hover_color":"#333333","current_color":"#666666","separator_color":"#999999","font_size":14,"current_font_weight":"500","separator_size":14,"padding_top":16,"padding_bottom":16,"item_spacing":8,"hide_collection_mobile":false,"mobile_font_size":12,"mobile_padding_top":12,"mobile_padding_bottom":12,"mobile_item_spacing":6,"mobile_separator_size":12},"blocks":{}}},"block_order":["ai_gen_block_981b8ac_kLXEWL"],"name":"bread Crums","settings":{"content_direction":"column","vertical_on_mobile":true,"horizontal_alignment":"flex-start","vertical_alignment":"center","align_baseline":false,"horizontal_alignment_flex_direction_column":"flex-start","vertical_alignment_flex_direction_column":"center","gap":12,"section_width":"page-width","section_height":"","section_height_custom":50,"color_scheme":"","background_media":"none","video_position":"cover","background_image_position":"cover","border":"none","border_width":1,"border_opacity":100,"border_radius":0,"toggle_overlay":false,"overlay_color":"#00000026","overlay_style":"solid","gradient_direction":"to top","padding-block-start":0,"padding-block-end":0}},"main":{"type":"product-information","blocks":{"media-gallery":{"type":"_product-media-gallery","static":true,"settings":{"media_presentation":"carousel","media_columns":"two","image_gap":4,"large_first_image":false,"icons_style":"chevron_large","slideshow_controls_style":"thumbnails","slideshow_mobile_controls_style":"dots","thumbnail_position":"left","thumbnail_width":72,"aspect_ratio":"1","constrain_to_viewport":false,"media_fit":"cover","media_radius":4,"extend_media":false,"zoom":true,"video_loop":false,"hide_variants":true,"padding-block-start":0,"padding-block-end":0,"padding-inline-start":0,"padding-inline-end":1},"blocks":{}},"product-details":{"type":"_product-details","static":true,"settings":{"width":"fill","custom_width":100,"width_mobile":"fill","custom_width_mobile":100,"height":"fit","details_position":"flex-start","gap":4,"sticky_details_desktop":true,"inherit_color_scheme":true,"color_scheme":"","background_media":"none","video_position":"cover","background_image_position":"cover","border":"none","border_width":1,"border_opacity":100,"border_radius":0,"padding-block-start":24,"padding-block-end":24,"padding-inline-start":0,"padding-inline-end":0},"blocks":{"group_icgrde":{"type":"group","name":"Header","settings":{"link":"","open_in_new_tab":false,"content_direction":"column","vertical_on_mobile":true,"horizontal_alignment":"flex-start","vertical_alignment":"center","align_baseline":false,"horizontal_alignment_flex_direction_column":"flex-start","vertical_alignment_flex_direction_column":"center","gap":12,"width":"fill","custom_width":100,"width_mobile":"fill","custom_width_mobile":100,"height":"fit","custom_height":100,"inherit_color_scheme":true,"color_scheme":"","background_media":"none","video_position":"cover","background_image_position":"cover","border":"none","border_width":1,"border_opacity":100,"border_radius":0,"placeholder":"","toggle_overlay":false,"overlay_color":"#00000026","overlay_style":"solid","gradient_direction":"to top","padding-block-start":0,"padding-block-end":0,"padding-inline-start":0,"padding-inline-end":0},"blocks":{"text_xrnftG":{"type":"text","settings":{"text":"<h1>{{ closest.product.title }}<\/h1>","width":"100%","max_width":"none","alignment":"left","type_preset":"custom","font":"var(--font-heading--family)","font_size":"2rem","line_height":"normal","letter_spacing":"normal","case":"none","wrap":"pretty","color":"","background":false,"background_color":"#00000026","corner_radius":0,"padding-block-start":0,"padding-block-end":0,"padding-inline-start":0,"padding-inline-end":0},"blocks":{}},"price_tVjtKg":{"type":"price","disabled":true,"settings":{"show_sale_price_first":true,"show_installments":true,"show_tax_info":false,"type_preset":"h4","width":"100%","alignment":"left","font":"var(--font-body--family)","font_size":"1rem","line_height":"normal","letter_spacing":"normal","case":"none","color":"var(--color-foreground)","padding-block-start":4,"padding-block-end":0,"padding-inline-start":0,"padding-inline-end":0},"blocks":{}},"ai_gen_block_04ececd_DzkKRC":{"type":"ai_gen_block_04ececd","name":"Product information","settings":{"heading":"","show_vendor":true,"show_sku":true,"show_type":true,"show_tags":false,"show_availability":false,"vendor_label":"Brand","sku_label":"SKU","type_label":"Product type","tags_label":"Tags","availability_label":"Availability","empty_text":"Not specified","in_stock_text":"In stock","out_of_stock_text":"Out of stock","mobile_layout":"stacked","label_width":120,"spacing":4,"background_color":"#ffffff","heading_color":"#000000","label_color":"#666666","value_color":"#000000","heading_size":18,"label_size":14,"value_size":14,"padding":0,"border_radius":8,"show_border":false,"border_color":"#e0e0e0","border_width":1},"blocks":{}}},"block_order":["text_xrnftG","price_tVjtKg","ai_gen_block_04ececd_DzkKRC"]},"review_GV3jKN":{"type":"review","name":"t:names.product_review_stars","settings":{"stars_style":"shaded","show_number":true,"rating_color":"primary","type_preset":"paragraph","alignment":"left"},"blocks":{}},"custom_liquid_xygA9z":{"type":"custom-liquid","name":"t:names.custom_liquid","settings":{"custom_liquid":"<script type=\"application\/ld+json\">\n{\n  \"@context\": \"https:\/\/schema.org\/\",\n  \"@type\": \"Product\",\n  \"name\": \"{{ product.title | escape }}\",\n  \"image\": [\"{{ product.featured_image | img_url: 'master' | escape }}\"],\n  \"description\": \"{{ product.description | strip_html | escape | truncate: 150 }}\",\n  \"sku\": \"{{ product.sku }}\",\n  \"brand\": {\n    \"@type\": \"Thing\",\n    \"name\": \"FolkmarketGems\"\n  },\n  \"aggregateRating\": {\n    \"@type\": \"AggregateRating\",\n    \"ratingValue\": \"4.8\",\n    \"reviewCount\": \"12\"\n  }\n}\n<\/script>"},"blocks":{}},"group_VCmWR6":{"type":"group","name":"t:names.group","settings":{"link":"https:\/\/www.trustpilot.com\/review\/folkmarketgems.com","open_in_new_tab":true,"content_direction":"row","vertical_on_mobile":true,"horizontal_alignment":"center","vertical_alignment":"center","align_baseline":false,"horizontal_alignment_flex_direction_column":"flex-start","vertical_alignment_flex_direction_column":"center","gap":12,"width":"fit-content","custom_width":63,"width_mobile":"fit-content","custom_width_mobile":61,"height":"fit","custom_height":100,"inherit_color_scheme":true,"color_scheme":"","background_media":"none","video_position":"cover","background_image_position":"cover","border":"none","border_width":1,"border_opacity":100,"border_radius":0,"placeholder":"","toggle_overlay":false,"overlay_color":"#00000026","overlay_style":"solid","gradient_direction":"to top","padding-block-start":0,"padding-block-end":0,"padding-inline-start":0,"padding-inline-end":0},"blocks":{"group_4Y7QMm":{"type":"group","name":"t:names.group","settings":{"link":"https:\/\/www.trustpilot.com\/review\/folkmarketgems.com","open_in_new_tab":true,"content_direction":"row","vertical_on_mobile":true,"horizontal_alignment":"flex-start","vertical_alignment":"center","align_baseline":false,"horizontal_alignment_flex_direction_column":"flex-start","vertical_alignment_flex_direction_column":"center","gap":12,"width":"custom","custom_width":61,"width_mobile":"custom","custom_width_mobile":74,"height":"fit","custom_height":100,"inherit_color_scheme":true,"color_scheme":"","background_media":"none","video_position":"cover","background_image_position":"cover","border":"none","border_width":1,"border_opacity":100,"border_radius":0,"placeholder":"","toggle_overlay":false,"overlay_color":"#00000026","overlay_style":"solid","gradient_direction":"to top","padding-block-start":0,"padding-block-end":0,"padding-inline-start":0,"padding-inline-end":0},"blocks":{"image_XcLfKJ":{"type":"image","name":"t:names.image","settings":{"image":"shopify:\/\/shop_images\/Review-Us-On-Trustpilot_fe43c82a-0f72-44b6-a289-f87feecbbd88.png","link":"https:\/\/www.trustpilot.com\/review\/folkmarketgems.com","image_ratio":"adapt","width":"custom","custom_width":73,"width_mobile":"custom","custom_width_mobile":70,"height":"fit","border":"none","border_width":1,"border_opacity":100,"border_radius":0,"padding-block-start":0,"padding-block-end":0,"padding-inline-start":0,"padding-inline-end":0},"blocks":{}}},"block_order":["image_XcLfKJ"]}},"block_order":["group_4Y7QMm"]},"variant_picker_R3rGDr":{"type":"variant-picker","settings":{"variant_style":"buttons","show_swatches":true,"alignment":"left","padding-block-start":0,"padding-block-end":0,"padding-inline-start":0,"padding-inline-end":0},"blocks":{}},"text_aEtTtq":{"type":"text","name":"Product description","disabled":true,"settings":{"text":"<p>{{ closest.product.metafields.custom.rich_text_under_product | metafield_tag }}<\/p>","width":"100%","max_width":"normal","alignment":"left","type_preset":"rte","font":"var(--font-primary--family)","font_size":"","line_height":"normal","letter_spacing":"normal","case":"none","wrap":"pretty","color":"","background":false,"background_color":"#f5f9da26","corner_radius":0,"padding-block-start":0,"padding-block-end":0,"padding-inline-start":0,"padding-inline-end":0},"blocks":{}},"divider_VJhene":{"type":"_divider","name":"t:names.divider","settings":{"thickness":1,"corner_radius":"square","width_percent":100,"padding-block-start":0,"padding-block-end":0},"blocks":{}},"text_BGzPJA":{"type":"text","name":"t:names.text","settings":{"text":"{{ closest.product.metafields.custom.product_short_intro_under_title | metafield_tag }}","width":"fit-content","max_width":"normal","alignment":"left","type_preset":"rte","font":"var(--font-body--family)","font_size":"1rem","line_height":"normal","letter_spacing":"normal","case":"none","wrap":"pretty","color":"var(--color-foreground)","background":true,"background_color":"#c1e7ff96","corner_radius":0,"padding-block-start":0,"padding-block-end":0,"padding-inline-start":0,"padding-inline-end":0},"blocks":{}},"buy_buttons_eYQEYi":{"type":"buy-buttons","disabled":true,"settings":{"stacking":true,"show_pickup_availability":false,"gift_card_form":true,"padding-block-start":0,"padding-block-end":0,"padding-inline-start":0,"padding-inline-end":0},"blocks":{"quantity":{"type":"quantity","static":true,"settings":{},"blocks":{}},"add-to-cart":{"type":"add-to-cart","static":true,"settings":{"style_class":"button"},"blocks":{}},"accelerated-checkout":{"type":"accelerated-checkout","static":true,"settings":{},"blocks":{}}},"block_order":[]},"text_dUwFkj":{"type":"text","name":"t:names.text","settings":{"text":"{{ closest.product.metafields.custom.quote_now_rich_text | metafield_tag }}","width":"fit-content","max_width":"normal","alignment":"left","type_preset":"rte","font":"var(--font-body--family)","font_size":"1rem","line_height":"normal","letter_spacing":"normal","case":"none","wrap":"pretty","color":"var(--color-foreground)","background":true,"background_color":"#f3fcc826","corner_radius":0,"padding-block-start":0,"padding-block-end":0,"padding-inline-start":0,"padding-inline-end":0},"blocks":{}},"ai_gen_block_f5bfb01_fTPRdQ":{"type":"ai_gen_block_f5bfb01","settings":{"whatsapp_number":"923268999919","whatsapp_text":"Consult on WhatsApp","whatsapp_color":"#25d366","email_address":"folkmarketgems@gmail.com","email_text":"Email Inquiry","email_color":"#007bff","margin_top":4,"margin_bottom":8},"blocks":{}},"forms_inline_CpdRfB":{"type":"shopify:\/\/apps\/forms\/blocks\/inline\/8744a304-fcb1-4347-b211-bb6b4759a76a","settings":{"form_id":"100561","text_color":"#202020","button_background_color":"#202020","button_label_color":"#ffffff","links_color":"#1878b9","errors_color":"#e02229","text_alignment":"center","form_alignment":"center","padding_top":0,"padding_bottom":24,"padding_right":0,"padding_left":0}},"product_inventory_dwD797":{"type":"product-inventory","name":"t:names.product_inventory","settings":{"inventory_threshold":10,"show_inventory_quantity":true,"padding-block-start":0,"padding-block-end":0,"padding-inline-start":0,"padding-inline-end":0},"blocks":{}},"review_f9BhqA":{"type":"review","name":"t:names.product_review_stars","settings":{"stars_style":"outline","show_number":true,"rating_color":"primary","type_preset":"paragraph","alignment":"left"},"blocks":{}},"ai_gen_block_667d6c6_JDJmEx":{"type":"ai_gen_block_667d6c6","name":"Product Tags","settings":{"show_title":true,"title":"","tag_source":"current_product","selected_collection":"","custom_tags":"","max_tags":10,"exclude_tags":"","title_font_size":18,"title_font_weight":"600","title_alignment":"left","title_color":"#000000","title_margin_bottom":16,"tag_font_size":12,"tag_font_weight":"500","tag_text_transform":"none","tag_padding_horizontal":16,"tag_padding_vertical":6,"tag_border_radius":20,"tag_border_width":1,"tag_spacing":8,"tag_background_color":"#f5f5f5","tag_text_color":"#000000","tag_border_color":"#e6e6e6","tag_hover_background_color":"#000000","tag_hover_text_color":"#ffffff","tag_hover_border_color":"#000000","tag_focus_color":"#000f9f","background_color":"#ffffff","container_padding":8,"container_border_radius":8},"blocks":{}},"group_JbmQwr":{"type":"group","name":"Policies","settings":{"link":"","open_in_new_tab":false,"content_direction":"column","vertical_on_mobile":true,"horizontal_alignment":"flex-start","vertical_alignment":"center","align_baseline":false,"horizontal_alignment_flex_direction_column":"flex-start","vertical_alignment_flex_direction_column":"center","gap":12,"width":"fill","custom_width":100,"width_mobile":"fill","custom_width_mobile":100,"height":"fit","custom_height":100,"inherit_color_scheme":true,"color_scheme":"","background_media":"none","video_position":"cover","background_image_position":"cover","border":"none","border_width":1,"border_opacity":100,"border_radius":0,"placeholder":"","toggle_overlay":false,"overlay_color":"#00000026","overlay_style":"solid","gradient_direction":"to top","padding-block-start":0,"padding-block-end":0,"padding-inline-start":0,"padding-inline-end":0},"blocks":{"group_ntP7QE":{"type":"group","name":"Shipping policy","settings":{"link":"","open_in_new_tab":false,"content_direction":"row","vertical_on_mobile":false,"horizontal_alignment":"flex-start","vertical_alignment":"center","align_baseline":false,"horizontal_alignment_flex_direction_column":"flex-start","vertical_alignment_flex_direction_column":"center","gap":12,"width":"fill","custom_width":100,"width_mobile":"fill","custom_width_mobile":100,"height":"fit","custom_height":100,"inherit_color_scheme":true,"color_scheme":"","background_media":"none","video_position":"cover","background_image_position":"cover","border":"none","border_width":1,"border_opacity":100,"border_radius":0,"placeholder":"","toggle_overlay":false,"overlay_color":"#00000026","overlay_style":"solid","gradient_direction":"to top","padding-block-start":10,"padding-block-end":0,"padding-inline-start":0,"padding-inline-end":0},"blocks":{"icon_atCepq":{"type":"icon","name":"t:names.icon","settings":{"icon":"truck","width":16,"link":"","open_in_new_tab":false},"blocks":{}},"text_GYmbzh":{"type":"text","name":"t:names.text","settings":{"text":"<p><a href=\"\/pages\/shipping-delivery-at-folkmarketgems\" target=\"_blank\" title=\"SHIPPING & DELIVERY\">Worldwide Shipping <\/a> | <strong>Fedex, UPS, DHL<\/strong><\/p>","width":"fit-content","max_width":"normal","alignment":"left","type_preset":"rte","font":"var(--font-primary--family)","font_size":"","line_height":"normal","letter_spacing":"normal","case":"none","wrap":"pretty","color":"","background":false,"background_color":"#00000026","corner_radius":0,"padding-block-start":0,"padding-block-end":0,"padding-inline-start":0,"padding-inline-end":0},"blocks":{}}},"block_order":["icon_atCepq","text_GYmbzh"]},"group_7xLQDW":{"type":"group","name":"Return policy","settings":{"link":"","open_in_new_tab":false,"content_direction":"row","vertical_on_mobile":false,"horizontal_alignment":"flex-start","vertical_alignment":"center","align_baseline":false,"horizontal_alignment_flex_direction_column":"flex-start","vertical_alignment_flex_direction_column":"center","gap":12,"width":"fill","custom_width":100,"width_mobile":"fill","custom_width_mobile":100,"height":"fit","custom_height":100,"inherit_color_scheme":true,"color_scheme":"","background_media":"none","video_position":"cover","background_image_position":"cover","border":"none","border_width":1,"border_opacity":100,"border_radius":0,"placeholder":"","toggle_overlay":false,"overlay_color":"#00000026","overlay_style":"solid","gradient_direction":"to top","padding-block-start":0,"padding-block-end":0,"padding-inline-start":0,"padding-inline-end":0},"blocks":{"icon_kqeLmr":{"type":"icon","name":"t:names.icon","settings":{"icon":"return","width":16,"link":"","open_in_new_tab":false},"blocks":{}},"text_97ypyG":{"type":"text","name":"t:names.text","settings":{"text":"<p><a href=\"\/pages\/returns-replacements\" target=\"_blank\" title=\"RETURNS & REPLACEMENTS\">Flexible Returns<\/a><\/p>","width":"fit-content","max_width":"normal","alignment":"left","type_preset":"rte","font":"var(--font-primary--family)","font_size":"","line_height":"normal","letter_spacing":"normal","case":"none","wrap":"pretty","color":"","background":false,"background_color":"#00000026","corner_radius":0,"padding-block-start":0,"padding-block-end":0,"padding-inline-start":0,"padding-inline-end":0},"blocks":{}}},"block_order":["icon_kqeLmr","text_97ypyG"]},"group_yrgz8P":{"type":"group","name":"Return policy","settings":{"link":"","open_in_new_tab":false,"content_direction":"row","vertical_on_mobile":false,"horizontal_alignment":"flex-start","vertical_alignment":"center","align_baseline":false,"horizontal_alignment_flex_direction_column":"flex-start","vertical_alignment_flex_direction_column":"center","gap":12,"width":"fill","custom_width":100,"width_mobile":"fill","custom_width_mobile":100,"height":"fit","custom_height":100,"inherit_color_scheme":true,"color_scheme":"","background_media":"none","video_position":"cover","background_image_position":"cover","border":"none","border_width":1,"border_opacity":100,"border_radius":0,"placeholder":"","toggle_overlay":false,"overlay_color":"#00000026","overlay_style":"solid","gradient_direction":"to top","padding-block-start":0,"padding-block-end":0,"padding-inline-start":0,"padding-inline-end":0},"blocks":{"icon_gnhahF":{"type":"icon","name":"t:names.icon","settings":{"icon":"check_box","width":16,"link":"","open_in_new_tab":false},"blocks":{}},"text_rCUgdx":{"type":"text","name":"t:names.text","settings":{"text":"<p>100% Secure Checkout<\/p>","width":"100%","max_width":"none","alignment":"left","type_preset":"rte","font":"var(--font-primary--family)","font_size":"","line_height":"normal","letter_spacing":"normal","case":"none","wrap":"pretty","color":"","background":false,"background_color":"#00000026","corner_radius":0,"padding-block-start":0,"padding-block-end":0,"padding-inline-start":0,"padding-inline-end":0},"blocks":{}},"payment_icons_dLwWaT":{"type":"payment-icons","name":"t:names.payment_icons","settings":{"horizontal_alignment":"flex-start","gap":0,"padding-block-start":0,"padding-block-end":0,"padding-inline-start":0,"padding-inline-end":0},"blocks":{}}},"block_order":["icon_gnhahF","text_rCUgdx","payment_icons_dLwWaT"]}},"block_order":["group_ntP7QE","group_7xLQDW","group_yrgz8P"]},"ai_gen_block_0304de5_H6HznM":{"type":"ai_gen_block_0304de5","settings":{"heading":"","show_facebook":true,"show_twitter":true,"show_linkedin":true,"show_pinterest":true,"show_email":true,"show_whatsapp":true,"show_instagram":true,"alignment":"center","button_size":28,"icon_size":16,"spacing":10,"border_radius":8,"background_color":"#f5f5f5","hover_color":"#e0e0e0","icon_color":"#333333","text_color":"#333333","heading_size":12,"heading_spacing":4},"blocks":{}}},"block_order":["group_icgrde","review_GV3jKN","custom_liquid_xygA9z","group_VCmWR6","variant_picker_R3rGDr","text_aEtTtq","divider_VJhene","text_BGzPJA","buy_buttons_eYQEYi","text_dUwFkj","ai_gen_block_f5bfb01_fTPRdQ","forms_inline_CpdRfB","product_inventory_dwD797","review_f9BhqA","ai_gen_block_667d6c6_JDJmEx","group_JbmQwr","ai_gen_block_0304de5_H6HznM"]}},"settings":{"content_width":"content-center-aligned","desktop_media_position":"left","equal_columns":false,"limit_details_width":false,"gap":48,"color_scheme":"","padding-block-start":0,"padding-block-end":0}},"section_X3BgaA":{"type":"section","blocks":{"ai_gen_block_e6223f0_G3Vg8D":{"type":"ai_gen_block_e6223f0","name":"Gemstone specs","settings":{"heading":"Gemstone Specification","heading_size":24,"heading_alignment":"left","stone_name_1":"{{ closest.product.metafields.custom.stone_name | metafield_text: field: 'stone_names' }}","stone_name_2":"","stone_name_3":"","total_weight":"{{ closest.product.metafields.custom.total_weight | metafield_text }}","average_size":"{{ closest.product.metafields.custom.carat_size | metafield_text }}","dimensions":"","carat_weight":"{{ closest.product.metafields.custom.carat_weight | metafield_text: field: 'carat_weight' }}","shape_cut_1":"{{ closest.product.metafields.custom.gems_by_shapes | metafield_text: field: 'shape_name' }}","shape_cut_2":"","shape_cut_3":"","color_1":"{{ closest.product.metafields.custom.color_of_gems | metafield_text: field: 'name' }}","color_2":"","color_3":"","clarity":"{{ closest.product.metafields.custom.clarity | metafield_text: field: 'clarity' }}","origin_1":"{{ closest.product.metafields.custom.origin | metafield_text: field: 'origin_name' }}","origin_2":"","origin_3":"","treatment_1":"{{ closest.product.metafields.custom.treatments | metafield_text: field: 'treatment_types' }}","treatment_2":"","treatment_3":"","birthstone_1":"{{ closest.product.metafields.custom.birthstones | metafield_text: field: 'birthstone' }}","birthstone_2":"","birthstone_3":"","deal_type":"{{ closest.product.metafields.custom.deal_type | metafield_text: field: 'deal_type' }}","background_color":"#ffffff","heading_color":"#000000","text_color":"#000000","label_color":"#333333","header_bg_color":"#f5f5f5","header_text_color":"#000000","row_bg_color":"#fafafa","border_color":"#e6e6e6","border_radius":8,"table_border_radius":4,"table_border_width":1},"blocks":{}},"text_TfBXmN":{"type":"text","name":"t:names.heading","settings":{"text":"<h2>Product Description<\/h2>","width":"fit-content","max_width":"none","alignment":"left","type_preset":"rte","font":"var(--font-body--family)","font_size":"1rem","line_height":"normal","letter_spacing":"normal","case":"none","wrap":"pretty","color":"var(--color-foreground)","background":false,"background_color":"#00000026","corner_radius":0,"padding-block-start":0,"padding-block-end":0,"padding-inline-start":12,"padding-inline-end":0},"blocks":{}},"text_7e6ENJ":{"type":"text","settings":{"text":"{{ closest.product.description }}","width":"100%","max_width":"none","alignment":"left","type_preset":"rte","font":"var(--font-body--family)","font_size":"1rem","line_height":"normal","letter_spacing":"normal","case":"none","wrap":"pretty","color":"var(--color-foreground)","background":false,"background_color":"#00000026","corner_radius":0,"padding-block-start":0,"padding-block-end":0,"padding-inline-start":12,"padding-inline-end":90},"blocks":{}}},"block_order":["ai_gen_block_e6223f0_G3Vg8D","text_TfBXmN","text_7e6ENJ"],"name":"Product Description","settings":{"content_direction":"column","vertical_on_mobile":true,"horizontal_alignment":"flex-start","vertical_alignment":"center","align_baseline":false,"horizontal_alignment_flex_direction_column":"flex-start","vertical_alignment_flex_direction_column":"center","gap":16,"section_width":"page-width","section_height":"","section_height_custom":50,"color_scheme":"","background_media":"none","video_position":"cover","background_image_position":"cover","border":"none","border_width":1,"border_opacity":100,"border_radius":0,"toggle_overlay":false,"overlay_color":"#00000026","overlay_style":"solid","gradient_direction":"to top","padding-block-start":25,"padding-block-end":17}},"1752919418fbe35b1a":{"type":"_blocks","blocks":{"judge_me_reviews_review_widget_QByejj":{"type":"shopify:\/\/apps\/judge-me-reviews\/blocks\/review_widget\/61ccd3b1-a9f2-4160-9fe9-4fec8413e5d8","settings":{"review_data":"sample_data","max_width":1200}}},"block_order":["judge_me_reviews_review_widget_QByejj"],"name":"Review","settings":{"content_direction":"row","vertical_on_mobile":true,"horizontal_alignment":"center","vertical_alignment":"center","align_baseline":false,"horizontal_alignment_flex_direction_column":"center","vertical_alignment_flex_direction_column":"center","gap":12,"section_width":"page-width","section_height":"","section_height_custom":50,"color_scheme":"","background_media":"none","video_position":"cover","background_image_position":"cover","border":"none","border_width":1,"border_opacity":100,"border_radius":0,"toggle_overlay":false,"overlay_color":"#00000026","overlay_style":"solid","gradient_direction":"to top","padding-block-start":0,"padding-block-end":0}},"product_recommendations_qggXJq":{"type":"product-recommendations","blocks":{"text_cbcgyb":{"type":"text","name":"t:names.header","settings":{"text":"<h3>You may also like <\/h3>","width":"fit-content","max_width":"normal","alignment":"left","type_preset":"rte","font":"var(--font-primary--family)","font_size":"","line_height":"normal","letter_spacing":"normal","case":"none","wrap":"pretty","color":"","background":false,"background_color":"#00000026","corner_radius":0,"padding-block-start":0,"padding-block-end":0,"padding-inline-start":0,"padding-inline-end":0},"blocks":{}},"static-product-card":{"type":"_product-card","name":"t:names.product_card","static":true,"settings":{"product_card_gap":8,"inherit_color_scheme":true,"color_scheme":"","border":"none","border_width":1,"border_opacity":100,"border_radius":0,"padding-block-start":0,"padding-block-end":0,"padding-inline-start":0,"padding-inline-end":0},"blocks":{"product_card_gallery_DNizbJ":{"type":"_product-card-gallery","name":"t:names.product_card_media","settings":{"image_ratio":"square","border":"none","border_width":1,"border_opacity":100,"border_radius":0,"padding-block-start":0,"padding-block-end":0,"padding-inline-start":0,"padding-inline-end":0},"blocks":{}},"group_zGryyP":{"type":"_product-card-group","settings":{"link":"","open_in_new_tab":false,"content_direction":"column","vertical_on_mobile":true,"horizontal_alignment":"flex-start","vertical_alignment":"center","align_baseline":false,"horizontal_alignment_flex_direction_column":"flex-start","vertical_alignment_flex_direction_column":"center","gap":4,"width":"fill","custom_width":100,"width_mobile":"fill","custom_width_mobile":100,"height":"fit","custom_height":100,"inherit_color_scheme":true,"color_scheme":"","background_media":"none","video_position":"cover","background_image_position":"cover","border":"none","border_width":1,"border_opacity":100,"border_radius":0,"toggle_overlay":false,"overlay_color":"#00000026","overlay_style":"solid","gradient_direction":"to top","padding-block-start":0,"padding-block-end":0,"padding-inline-start":0,"padding-inline-end":0},"blocks":{"product_title_Dk8awd":{"type":"product-title","name":"t:names.product_title","settings":{"width":"fit-content","max_width":"normal","alignment":"left","type_preset":"h5","font":"var(--font-body--family)","font_size":"1rem","line_height":"normal","letter_spacing":"normal","case":"none","wrap":"pretty","color":"var(--color-foreground-heading)","background":false,"background_color":"#00000026","corner_radius":0,"padding-block-start":0,"padding-block-end":0,"padding-inline-start":0,"padding-inline-end":0},"blocks":{}},"price_AUnDAd":{"type":"price","disabled":true,"settings":{"show_sale_price_first":true,"show_installments":false,"show_tax_info":false,"type_preset":"h4","width":"100%","alignment":"left","font":"var(--font-body--family)","font_size":"1rem","line_height":"normal","letter_spacing":"normal","case":"none","color":"var(--color-foreground)","padding-block-start":0,"padding-block-end":0,"padding-inline-start":0,"padding-inline-end":0},"blocks":{}},"swatches_yPCmba":{"type":"swatches","settings":{"product_swatches_alignment":"flex-start","product_swatches_alignment_mobile":"flex-start","hide_padding":false,"product_swatches_padding_top":4,"product_swatches_padding_bottom":0,"product_swatches_padding_left":0,"product_swatches_padding_right":0},"blocks":{}}},"block_order":["product_title_Dk8awd","price_AUnDAd","swatches_yPCmba"]}},"block_order":["product_card_gallery_DNizbJ","group_zGryyP"]}},"block_order":["text_cbcgyb"],"name":"Related","settings":{"product":"{{ closest.product }}","recommendation_type":"related","layout_type":"carousel","carousel_on_mobile":false,"max_products":8,"columns":5,"mobile_columns":"2","columns_gap":12,"rows_gap":24,"icons_style":"arrows_large","icons_shape":"circle","section_width":"page-width","gap":28,"color_scheme":"scheme-1","padding-block-start":48,"padding-block-end":48}},"product_recommendations_gx6k8x":{"type":"product-recommendations","blocks":{"text_97HaDK":{"type":"text","name":"t:names.header","settings":{"text":"<h3>Top Picks<\/h3>","width":"fit-content","max_width":"normal","alignment":"left","type_preset":"rte","font":"var(--font-primary--family)","font_size":"","line_height":"normal","letter_spacing":"normal","case":"none","wrap":"pretty","color":"","background":false,"background_color":"#00000026","corner_radius":0,"padding-block-start":0,"padding-block-end":0,"padding-inline-start":0,"padding-inline-end":0},"blocks":{}},"static-product-card":{"type":"_product-card","name":"t:names.product_card","static":true,"settings":{"product_card_gap":8,"inherit_color_scheme":true,"color_scheme":"","border":"none","border_width":1,"border_opacity":100,"border_radius":0,"padding-block-start":0,"padding-block-end":0,"padding-inline-start":0,"padding-inline-end":0},"blocks":{"product_card_gallery_M8ahHn":{"type":"_product-card-gallery","name":"t:names.product_card_media","settings":{"image_ratio":"square","border":"none","border_width":1,"border_opacity":100,"border_radius":0,"padding-block-start":0,"padding-block-end":0,"padding-inline-start":0,"padding-inline-end":0},"blocks":{}},"product_card_group_Mqzxae":{"type":"_product-card-group","settings":{"link":"","open_in_new_tab":false,"content_direction":"column","vertical_on_mobile":true,"horizontal_alignment":"flex-start","vertical_alignment":"center","align_baseline":false,"horizontal_alignment_flex_direction_column":"flex-start","vertical_alignment_flex_direction_column":"center","gap":4,"width":"fill","custom_width":100,"width_mobile":"fill","custom_width_mobile":100,"height":"fit","custom_height":100,"inherit_color_scheme":true,"color_scheme":"","background_media":"none","video_position":"cover","background_image_position":"cover","border":"none","border_width":1,"border_opacity":100,"border_radius":0,"toggle_overlay":false,"overlay_color":"#00000026","overlay_style":"solid","gradient_direction":"to top","padding-block-start":0,"padding-block-end":0,"padding-inline-start":0,"padding-inline-end":0},"blocks":{"product_title_bUBUxW":{"type":"product-title","name":"t:names.product_title","settings":{"width":"fit-content","max_width":"normal","alignment":"left","type_preset":"rte","font":"var(--font-body--family)","font_size":"1rem","line_height":"normal","letter_spacing":"normal","case":"none","wrap":"pretty","color":"var(--color-foreground)","background":false,"background_color":"#00000026","corner_radius":0,"padding-block-start":0,"padding-block-end":0,"padding-inline-start":0,"padding-inline-end":0},"blocks":{}},"price_4VdFqf":{"type":"price","settings":{"show_sale_price_first":true,"show_installments":false,"show_tax_info":false,"type_preset":"h4","width":"100%","alignment":"left","font":"var(--font-body--family)","font_size":"1rem","line_height":"normal","letter_spacing":"normal","case":"none","color":"var(--color-foreground)","padding-block-start":0,"padding-block-end":0,"padding-inline-start":0,"padding-inline-end":0},"blocks":{}},"swatches_TKBt4h":{"type":"swatches","settings":{"product_swatches_alignment":"flex-start","product_swatches_alignment_mobile":"flex-start","hide_padding":false,"product_swatches_padding_top":4,"product_swatches_padding_bottom":0,"product_swatches_padding_left":0,"product_swatches_padding_right":0},"blocks":{}}},"block_order":["product_title_bUBUxW","price_4VdFqf","swatches_TKBt4h"]}},"block_order":["product_card_gallery_M8ahHn","product_card_group_Mqzxae"]}},"block_order":["text_97HaDK"],"name":"Top Picks","settings":{"product":"{{ product }}","recommendation_type":"complementary","layout_type":"grid","carousel_on_mobile":true,"max_products":8,"columns":4,"mobile_columns":"2","columns_gap":12,"rows_gap":24,"icons_style":"arrows_large","icons_shape":"circle","section_width":"page-width","gap":28,"color_scheme":"scheme-1","padding-block-start":48,"padding-block-end":48}},"custom_liquid_8Y4K9k":{"type":"custom-liquid","custom_css":[".tag-list ul {list-style: none; padding: 0; display: flex; flex-wrap: wrap;}",".tag-list li {margin: 5px;}",".tag-list a {padding: 6px 12px; background: #f4f4f4; border-radius: 4px; text-decoration: none; color: #333;}"],"name":"Product Tags","settings":{"custom_liquid":"{% assign all_tags = '' | split: ',' %}\n\n{% for product in collections.all.products %}\n  {% assign all_tags = all_tags | concat: product.tags %}\n{% endfor %}\n\n{% assign unique_tags = all_tags | uniq %}\n{% assign limited_tags = unique_tags | slice: 10, 35 %}\n\n<div class=\"tag-list\">\n  <h3>Explore Popular searches<\/h3>\n  <ul>\n    {% for tag in limited_tags %}\n      <li><a href=\"\/collections\/all\/{{ tag | handle }}\">{{ tag }}<\/a><\/li>\n    {% endfor %}\n  <\/ul>\n<\/div>","color_scheme":"","section_width":"page-width","padding-block-start":0,"padding-block-end":0}}},"order":["section_MUVdYf","main","section_X3BgaA","1752919418fbe35b1a","product_recommendations_qggXJq","product_recommendations_gx6k8x","custom_liquid_8Y4K9k"]}