{"sections":{"1754594390b25b12fb":{"type":"_blocks","blocks":{"ai_gen_block_981b8ac_G3kyU4":{"type":"ai_gen_block_981b8ac","name":"Product breadcrumbs","settings":{"home_text":"Home","separator_symbol":"›","background_color":"#ffffff","link_color":"#000000","link_hover_color":"#333333","current_color":"#666666","separator_color":"#999999","font_size":14,"current_font_weight":"500","separator_size":14,"padding_top":16,"padding_bottom":4,"item_spacing":8,"hide_collection_mobile":false,"mobile_font_size":10,"mobile_padding_top":2,"mobile_padding_bottom":0,"mobile_item_spacing":4,"mobile_separator_size":10},"blocks":{}}},"block_order":["ai_gen_block_981b8ac_G3kyU4"],"name":"breadcrum","settings":{"content_direction":"column","vertical_on_mobile":true,"horizontal_alignment":"flex-start","vertical_alignment":"center","align_baseline":false,"horizontal_alignment_flex_direction_column":"flex-start","vertical_alignment_flex_direction_column":"center","gap":12,"section_width":"page-width","section_height":"","section_height_custom":50,"color_scheme":"","background_media":"none","video_position":"cover","background_image_position":"cover","border":"none","border_width":1,"border_opacity":100,"border_radius":0,"toggle_overlay":false,"overlay_color":"#00000026","overlay_style":"solid","gradient_direction":"to top","padding-block-start":0,"padding-block-end":0}},"main":{"type":"product-information","blocks":{"media-gallery":{"type":"_product-media-gallery","static":true,"settings":{"media_presentation":"carousel","media_columns":"two","image_gap":4,"large_first_image":false,"icons_style":"chevron_large","slideshow_controls_style":"thumbnails","slideshow_mobile_controls_style":"dots","thumbnail_position":"left","thumbnail_width":72,"aspect_ratio":"1","constrain_to_viewport":false,"media_fit":"contain","media_radius":0,"extend_media":false,"zoom":true,"video_loop":false,"hide_variants":true,"padding-block-start":2,"padding-block-end":0,"padding-inline-start":0,"padding-inline-end":1},"blocks":{}},"product-details":{"type":"_product-details","static":true,"settings":{"width":"fill","custom_width":100,"width_mobile":"fill","custom_width_mobile":100,"height":"fit","details_position":"flex-start","gap":4,"sticky_details_desktop":true,"inherit_color_scheme":true,"color_scheme":"","background_media":"none","video_position":"cover","background_image_position":"cover","border":"none","border_width":1,"border_opacity":100,"border_radius":0,"padding-block-start":24,"padding-block-end":24,"padding-inline-start":0,"padding-inline-end":0},"blocks":{"group_icgrde":{"type":"group","name":"Header","settings":{"link":"","open_in_new_tab":false,"content_direction":"column","vertical_on_mobile":true,"horizontal_alignment":"flex-start","vertical_alignment":"center","align_baseline":false,"horizontal_alignment_flex_direction_column":"flex-start","vertical_alignment_flex_direction_column":"center","gap":12,"width":"fill","custom_width":100,"width_mobile":"fill","custom_width_mobile":100,"height":"fit","custom_height":100,"inherit_color_scheme":true,"color_scheme":"","background_media":"none","video_position":"cover","background_image_position":"cover","border":"none","border_width":1,"border_opacity":100,"border_radius":0,"placeholder":"","toggle_overlay":false,"overlay_color":"#00000026","overlay_style":"solid","gradient_direction":"to top","padding-block-start":0,"padding-block-end":0,"padding-inline-start":0,"padding-inline-end":0},"blocks":{"text_xrnftG":{"type":"text","settings":{"text":"<h1>{{ closest.product.title }}<\/h1>","width":"100%","max_width":"none","alignment":"left","type_preset":"custom","font":"var(--font-heading--family)","font_size":"2rem","line_height":"tight","letter_spacing":"normal","case":"none","wrap":"pretty","color":"var(--color-foreground-heading)","background":false,"background_color":"#00000026","corner_radius":0,"padding-block-start":0,"padding-block-end":0,"padding-inline-start":0,"padding-inline-end":0},"blocks":{}},"review_xJ3dwm":{"type":"review","name":"t:names.product_review_stars","settings":{"stars_style":"shaded","show_number":true,"rating_color":"primary","type_preset":"paragraph","alignment":"left"},"blocks":{}},"group_Xemg9z":{"type":"group","name":"t:names.group","settings":{"link":"https:\/\/www.trustpilot.com\/review\/folkmarketgems.com","open_in_new_tab":true,"content_direction":"row","vertical_on_mobile":true,"horizontal_alignment":"flex-start","vertical_alignment":"center","align_baseline":false,"horizontal_alignment_flex_direction_column":"flex-start","vertical_alignment_flex_direction_column":"center","gap":12,"width":"custom","custom_width":92,"width_mobile":"custom","custom_width_mobile":78,"height":"fit","custom_height":100,"inherit_color_scheme":true,"color_scheme":"","background_media":"none","video_position":"cover","background_image_position":"cover","border":"none","border_width":1,"border_opacity":100,"border_radius":0,"placeholder":"","toggle_overlay":false,"overlay_color":"#00000026","overlay_style":"solid","gradient_direction":"to top","padding-block-start":0,"padding-block-end":0,"padding-inline-start":0,"padding-inline-end":0},"blocks":{"image_MnCBRz":{"type":"image","name":"t:names.image","settings":{"image":"shopify:\/\/shop_images\/Review-Us-On-Trustpilot_fe43c82a-0f72-44b6-a289-f87feecbbd88.png","link":"https:\/\/www.trustpilot.com\/review\/folkmarketgems.com","image_ratio":"adapt","width":"custom","custom_width":30,"width_mobile":"custom","custom_width_mobile":61,"height":"fit","border":"none","border_width":1,"border_opacity":100,"border_radius":0,"padding-block-start":0,"padding-block-end":0,"padding-inline-start":0,"padding-inline-end":0},"blocks":{}}},"block_order":["image_MnCBRz"]},"price_tVjtKg":{"type":"price","settings":{"show_sale_price_first":true,"show_installments":true,"show_tax_info":false,"type_preset":"h5","width":"100%","alignment":"left","font":"var(--font-body--family)","font_size":"1rem","line_height":"normal","letter_spacing":"normal","case":"none","color":"var(--color-foreground)","padding-block-start":4,"padding-block-end":0,"padding-inline-start":0,"padding-inline-end":0},"blocks":{}}},"block_order":["text_xrnftG","review_xJ3dwm","group_Xemg9z","price_tVjtKg"]},"review_CceipN":{"type":"review","name":"t:names.product_review_stars","settings":{"stars_style":"shaded","show_number":true,"rating_color":"primary","type_preset":"paragraph","alignment":"left"},"blocks":{}},"ai_gen_block_04ececd_pLmpMN":{"type":"ai_gen_block_04ececd","name":"Vendor-SKY Ai","settings":{"heading":"","show_vendor":true,"show_sku":true,"show_type":true,"show_tags":false,"show_availability":false,"vendor_label":"Brand","sku_label":"SKU","type_label":"Product type","tags_label":"Tags","availability_label":"Availability","empty_text":"Not specified","in_stock_text":"In stock","out_of_stock_text":"Out of stock","mobile_layout":"inline","label_width":140,"spacing":4,"background_color":"#ffffff","heading_color":"#000000","label_color":"#666666","value_color":"#000000","heading_size":18,"label_size":14,"value_size":14,"padding":0,"border_radius":8,"show_border":false,"border_color":"#e0e0e0","border_width":1},"blocks":{}},"swatches_L9eCQG":{"type":"swatches","name":"t:names.swatches","settings":{"product_swatches_alignment":"flex-start","product_swatches_alignment_mobile":"flex-start","hide_padding":false,"product_swatches_padding_top":4,"product_swatches_padding_bottom":0,"product_swatches_padding_left":0,"product_swatches_padding_right":0},"blocks":{}},"variant_picker_R3rGDr":{"type":"variant-picker","settings":{"variant_style":"buttons","show_swatches":true,"alignment":"center","padding-block-start":0,"padding-block-end":0,"padding-inline-start":0,"padding-inline-end":0},"blocks":{}},"product_inventory_dwD797":{"type":"product-inventory","name":"t:names.product_inventory","settings":{"inventory_threshold":10,"show_inventory_quantity":true,"padding-block-start":0,"padding-block-end":0,"padding-inline-start":0,"padding-inline-end":0},"blocks":{}},"text_BGzPJA":{"type":"text","name":"t:names.text","settings":{"text":"{{ closest.product.metafields.custom.product_short_intro_under_title | metafield_tag }}","width":"fit-content","max_width":"normal","alignment":"left","type_preset":"rte","font":"var(--font-body--family)","font_size":"1rem","line_height":"normal","letter_spacing":"normal","case":"none","wrap":"pretty","color":"var(--color-foreground)","background":true,"background_color":"#c1e7ff96","corner_radius":0,"padding-block-start":0,"padding-block-end":0,"padding-inline-start":0,"padding-inline-end":0},"blocks":{}},"buy_buttons_eYQEYi":{"type":"buy-buttons","settings":{"stacking":false,"show_pickup_availability":false,"gift_card_form":true,"padding-block-start":0,"padding-block-end":0,"padding-inline-start":0,"padding-inline-end":0},"blocks":{"quantity":{"type":"quantity","static":true,"settings":{},"blocks":{}},"add-to-cart":{"type":"add-to-cart","static":true,"settings":{"style_class":"button"},"blocks":{}},"accelerated-checkout":{"type":"accelerated-checkout","static":true,"settings":{},"blocks":{}}},"block_order":[]},"text_dUwFkj":{"type":"text","name":"t:names.text","settings":{"text":"{{ closest.product.metafields.custom.quote_now_rich_text | metafield_tag }}","width":"fit-content","max_width":"normal","alignment":"left","type_preset":"rte","font":"var(--font-body--family)","font_size":"1rem","line_height":"normal","letter_spacing":"normal","case":"none","wrap":"pretty","color":"var(--color-foreground)","background":false,"background_color":"#00000026","corner_radius":0,"padding-block-start":0,"padding-block-end":0,"padding-inline-start":0,"padding-inline-end":0},"blocks":{}},"ai_gen_block_f5bfb01_fTPRdQ":{"type":"ai_gen_block_f5bfb01","settings":{"whatsapp_number":"923268999919","whatsapp_text":"Consult on WhatsApp","whatsapp_color":"#25d366","email_address":"folkmarketgems@gmail.com","email_text":"Email Inquiry","email_color":"#007bff","margin_top":4,"margin_bottom":8},"blocks":{}},"text_aEtTtq":{"type":"text","name":"Short Description","disabled":true,"settings":{"text":"{{ closest.product.metafields.custom.rich_text_under_product | metafield_tag }}","width":"100%","max_width":"normal","alignment":"left","type_preset":"rte","font":"var(--font-primary--family)","font_size":"","line_height":"normal","letter_spacing":"normal","case":"none","wrap":"pretty","color":"","background":true,"background_color":"#f5f9da26","corner_radius":0,"padding-block-start":0,"padding-block-end":0,"padding-inline-start":0,"padding-inline-end":0},"blocks":{}},"swatches_7qNDkg":{"type":"swatches","name":"t:names.swatches","settings":{"product_swatches_alignment":"flex-start","product_swatches_alignment_mobile":"flex-start","hide_padding":false,"product_swatches_padding_top":4,"product_swatches_padding_bottom":0,"product_swatches_padding_left":0,"product_swatches_padding_right":0},"blocks":{}},"group_JbmQwr":{"type":"group","name":"Policies","settings":{"link":"","open_in_new_tab":false,"content_direction":"column","vertical_on_mobile":true,"horizontal_alignment":"flex-start","vertical_alignment":"center","align_baseline":false,"horizontal_alignment_flex_direction_column":"flex-start","vertical_alignment_flex_direction_column":"center","gap":12,"width":"fill","custom_width":100,"width_mobile":"fill","custom_width_mobile":100,"height":"fit","custom_height":100,"inherit_color_scheme":true,"color_scheme":"","background_media":"none","video_position":"cover","background_image_position":"cover","border":"none","border_width":1,"border_opacity":100,"border_radius":0,"placeholder":"","toggle_overlay":false,"overlay_color":"#00000026","overlay_style":"solid","gradient_direction":"to top","padding-block-start":0,"padding-block-end":0,"padding-inline-start":0,"padding-inline-end":0},"blocks":{"group_ntP7QE":{"type":"group","name":"Shipping policy","settings":{"link":"","open_in_new_tab":false,"content_direction":"row","vertical_on_mobile":false,"horizontal_alignment":"flex-start","vertical_alignment":"center","align_baseline":false,"horizontal_alignment_flex_direction_column":"flex-start","vertical_alignment_flex_direction_column":"center","gap":12,"width":"fill","custom_width":100,"width_mobile":"fill","custom_width_mobile":100,"height":"fit","custom_height":100,"inherit_color_scheme":true,"color_scheme":"","background_media":"none","video_position":"cover","background_image_position":"cover","border":"none","border_width":1,"border_opacity":100,"border_radius":0,"placeholder":"","toggle_overlay":false,"overlay_color":"#00000026","overlay_style":"solid","gradient_direction":"to top","padding-block-start":10,"padding-block-end":0,"padding-inline-start":0,"padding-inline-end":0},"blocks":{"icon_atCepq":{"type":"icon","name":"t:names.icon","settings":{"icon":"truck","width":16,"link":"","open_in_new_tab":false},"blocks":{}},"popup_link_efzb3T":{"type":"popup-link","name":"t:names.popup_link","settings":{"behavior":"drawer","heading":"Worldwide Shipping","type_preset":"","padding-block-start":0,"padding-block-end":0,"padding-inline-start":0,"padding-inline-end":0},"blocks":{"text_JE4Hih":{"type":"text","settings":{"text":"<h2>What is Shipping and Delivery Policy?<\/h2>","width":"fit-content","max_width":"normal","alignment":"left","type_preset":"rte","font":"var(--font-body--family)","font_size":"1rem","line_height":"normal","letter_spacing":"normal","case":"none","wrap":"pretty","color":"var(--color-foreground)","background":false,"background_color":"#00000026","corner_radius":0,"padding-block-start":0,"padding-block-end":16,"padding-inline-start":0,"padding-inline-end":0},"blocks":{}},"page_FdmRNt":{"type":"page","name":"t:names.page","settings":{"page":"shipping-delivery-at-folkmarketgems","inherit_color_scheme":true,"color_scheme":"","background":false,"background_color":"#00000026","padding-block-start":0,"padding-block-end":0,"padding-inline-start":0,"padding-inline-end":0},"blocks":{}},"text_tjpbaH":{"type":"text","disabled":true,"settings":{"text":"<p>Our goal is for every customer to be totally satisfied with their purchase. If this isn’t the case, let us know and we’ll do our best to work with you to make it right.<\/p>","width":"fit-content","max_width":"normal","alignment":"left","type_preset":"rte","font":"var(--font-body--family)","font_size":"1rem","line_height":"normal","letter_spacing":"normal","case":"none","wrap":"pretty","color":"var(--color-foreground)","background":false,"background_color":"#00000026","corner_radius":0,"padding-block-start":0,"padding-block-end":0,"padding-inline-start":0,"padding-inline-end":0},"blocks":{}}},"block_order":["text_JE4Hih","page_FdmRNt","text_tjpbaH"]},"text_GYmbzh":{"type":"text","name":"t:names.text","disabled":true,"settings":{"text":"<p><a href=\"\/pages\/shipping-delivery-at-folkmarketgems\" target=\"_blank\" title=\"SHIPPING & DELIVERY\">Worldwide Shipping <\/a> | <strong>Fedex, UPS, DHL<\/strong><\/p>","width":"fit-content","max_width":"normal","alignment":"left","type_preset":"rte","font":"var(--font-primary--family)","font_size":"","line_height":"normal","letter_spacing":"normal","case":"none","wrap":"pretty","color":"","background":false,"background_color":"#00000026","corner_radius":0,"padding-block-start":0,"padding-block-end":0,"padding-inline-start":0,"padding-inline-end":0},"blocks":{}}},"block_order":["icon_atCepq","popup_link_efzb3T","text_GYmbzh"]},"group_7xLQDW":{"type":"group","name":"Return policy","settings":{"link":"","open_in_new_tab":false,"content_direction":"row","vertical_on_mobile":false,"horizontal_alignment":"flex-start","vertical_alignment":"center","align_baseline":false,"horizontal_alignment_flex_direction_column":"flex-start","vertical_alignment_flex_direction_column":"center","gap":12,"width":"fill","custom_width":100,"width_mobile":"fill","custom_width_mobile":100,"height":"fit","custom_height":100,"inherit_color_scheme":true,"color_scheme":"","background_media":"none","video_position":"cover","background_image_position":"cover","border":"none","border_width":1,"border_opacity":100,"border_radius":0,"placeholder":"","toggle_overlay":false,"overlay_color":"#00000026","overlay_style":"solid","gradient_direction":"to top","padding-block-start":0,"padding-block-end":0,"padding-inline-start":0,"padding-inline-end":0},"blocks":{"icon_t4YnjQ":{"type":"icon","name":"t:names.icon","settings":{"icon":"return","width":12,"link":"","open_in_new_tab":false},"blocks":{}},"popup_link_p6NjWQ":{"type":"popup-link","name":"t:names.popup_link","settings":{"behavior":"default","heading":"Flexible Returns","type_preset":"","padding-block-start":0,"padding-block-end":0,"padding-inline-start":0,"padding-inline-end":0},"blocks":{"text_84PUgx":{"type":"text","settings":{"text":"<h2>What is the return policy?<\/h2>","width":"fit-content","max_width":"normal","alignment":"left","type_preset":"rte","font":"var(--font-body--family)","font_size":"1rem","line_height":"normal","letter_spacing":"normal","case":"none","wrap":"pretty","color":"var(--color-foreground)","background":false,"background_color":"#00000026","corner_radius":0,"padding-block-start":0,"padding-block-end":16,"padding-inline-start":0,"padding-inline-end":0},"blocks":{}},"page_A69fDd":{"type":"page","name":"t:names.page","settings":{"page":"returns-replacements","inherit_color_scheme":true,"color_scheme":"","background":false,"background_color":"#00000026","padding-block-start":0,"padding-block-end":0,"padding-inline-start":0,"padding-inline-end":0},"blocks":{}},"text_pMFfXz":{"type":"text","disabled":true,"settings":{"text":"<p>Our goal is for every customer to be totally satisfied with their purchase. If this isn’t the case, let us know and we’ll do our best to work with you to make it right.<\/p>","width":"fit-content","max_width":"normal","alignment":"left","type_preset":"rte","font":"var(--font-body--family)","font_size":"1rem","line_height":"normal","letter_spacing":"normal","case":"none","wrap":"pretty","color":"var(--color-foreground)","background":false,"background_color":"#00000026","corner_radius":0,"padding-block-start":0,"padding-block-end":0,"padding-inline-start":0,"padding-inline-end":0},"blocks":{}}},"block_order":["text_84PUgx","page_A69fDd","text_pMFfXz"]},"icon_kqeLmr":{"type":"icon","name":"t:names.icon","disabled":true,"settings":{"icon":"return","width":16,"link":"","open_in_new_tab":false},"blocks":{}},"text_97ypyG":{"type":"text","name":"t:names.text","disabled":true,"settings":{"text":"<p><a href=\"\/pages\/returns-replacements\" target=\"_blank\" title=\"RETURNS & REPLACEMENTS\">Flexible Returns<\/a><\/p>","width":"fit-content","max_width":"normal","alignment":"left","type_preset":"rte","font":"var(--font-primary--family)","font_size":"","line_height":"normal","letter_spacing":"normal","case":"none","wrap":"pretty","color":"","background":false,"background_color":"#00000026","corner_radius":0,"padding-block-start":0,"padding-block-end":0,"padding-inline-start":0,"padding-inline-end":0},"blocks":{}}},"block_order":["icon_t4YnjQ","popup_link_p6NjWQ","icon_kqeLmr","text_97ypyG"]},"group_yrgz8P":{"type":"group","name":"Secure Checkout","disabled":true,"settings":{"link":"","open_in_new_tab":false,"content_direction":"column","vertical_on_mobile":false,"horizontal_alignment":"flex-start","vertical_alignment":"center","align_baseline":false,"horizontal_alignment_flex_direction_column":"flex-start","vertical_alignment_flex_direction_column":"center","gap":12,"width":"fill","custom_width":100,"width_mobile":"fill","custom_width_mobile":100,"height":"fit","custom_height":100,"inherit_color_scheme":true,"color_scheme":"","background_media":"none","video_position":"cover","background_image_position":"cover","border":"none","border_width":1,"border_opacity":100,"border_radius":0,"placeholder":"","toggle_overlay":false,"overlay_color":"#00000026","overlay_style":"solid","gradient_direction":"to top","padding-block-start":0,"padding-block-end":0,"padding-inline-start":0,"padding-inline-end":0},"blocks":{"icon_gnhahF":{"type":"icon","name":"t:names.icon","settings":{"icon":"arrow","width":16,"link":"","open_in_new_tab":false},"blocks":{}},"text_rCUgdx":{"type":"text","name":"t:names.text","settings":{"text":"<p>100% Secure Checkout<\/p>","width":"100%","max_width":"none","alignment":"left","type_preset":"rte","font":"var(--font-primary--family)","font_size":"","line_height":"normal","letter_spacing":"normal","case":"none","wrap":"pretty","color":"","background":false,"background_color":"#00000026","corner_radius":0,"padding-block-start":0,"padding-block-end":0,"padding-inline-start":0,"padding-inline-end":0},"blocks":{}},"payment_icons_dLwWaT":{"type":"payment-icons","name":"t:names.payment_icons","disabled":true,"settings":{"horizontal_alignment":"flex-start","gap":0,"padding-block-start":0,"padding-block-end":0,"padding-inline-start":0,"padding-inline-end":0},"blocks":{}}},"block_order":["icon_gnhahF","text_rCUgdx","payment_icons_dLwWaT"]}},"block_order":["group_ntP7QE","group_7xLQDW","group_yrgz8P"]},"ai_gen_block_667d6c6_PtbNek":{"type":"ai_gen_block_667d6c6","name":"Product Tags","settings":{"show_title":true,"title":"","tag_source":"current_product","selected_collection":"","custom_tags":"","max_tags":5,"exclude_tags":"","title_font_size":18,"title_font_weight":"600","title_alignment":"left","title_color":"#000000","title_margin_bottom":16,"tag_font_size":12,"tag_font_weight":"500","tag_text_transform":"none","tag_padding_horizontal":12,"tag_padding_vertical":4,"tag_border_radius":20,"tag_border_width":1,"tag_spacing":8,"tag_background_color":"#f5f5f5","tag_text_color":"#000000","tag_border_color":"#e6e6e6","tag_hover_background_color":"#000000","tag_hover_text_color":"#ffffff","tag_hover_border_color":"#000000","tag_focus_color":"#000f9f","background_color":"#ffffff","container_padding":12,"container_border_radius":8},"blocks":{}},"payment_icons_YEaB9p":{"type":"payment-icons","name":"t:names.payment_icons","settings":{"horizontal_alignment":"flex-start","gap":10,"padding-block-start":0,"padding-block-end":0,"padding-inline-start":0,"padding-inline-end":0},"blocks":{}},"ai_gen_block_0304de5_H6HznM":{"type":"ai_gen_block_0304de5","settings":{"heading":"","show_facebook":true,"show_twitter":true,"show_linkedin":true,"show_pinterest":true,"show_email":true,"show_whatsapp":true,"show_instagram":true,"alignment":"flex-start","button_size":28,"icon_size":16,"spacing":10,"border_radius":8,"background_color":"#f5f5f5","hover_color":"#e0e0e0","icon_color":"#333333","text_color":"#333333","heading_size":12,"heading_spacing":4},"blocks":{}}},"block_order":["group_icgrde","review_CceipN","ai_gen_block_04ececd_pLmpMN","swatches_L9eCQG","variant_picker_R3rGDr","product_inventory_dwD797","text_BGzPJA","buy_buttons_eYQEYi","text_dUwFkj","ai_gen_block_f5bfb01_fTPRdQ","text_aEtTtq","swatches_7qNDkg","group_JbmQwr","ai_gen_block_667d6c6_PtbNek","payment_icons_YEaB9p","ai_gen_block_0304de5_H6HznM"]}},"settings":{"content_width":"content-center-aligned","desktop_media_position":"left","equal_columns":false,"limit_details_width":false,"gap":16,"color_scheme":"scheme-1","padding-block-start":0,"padding-block-end":0}},"section_eNJxXr":{"type":"section","blocks":{"group_3pmC7b":{"type":"group","name":"t:names.group","settings":{"link":"","open_in_new_tab":false,"content_direction":"column","vertical_on_mobile":true,"horizontal_alignment":"flex-start","vertical_alignment":"flex-start","align_baseline":false,"horizontal_alignment_flex_direction_column":"flex-start","vertical_alignment_flex_direction_column":"center","gap":12,"width":"fill","custom_width":100,"width_mobile":"fill","custom_width_mobile":100,"height":"fit","custom_height":100,"inherit_color_scheme":true,"color_scheme":"","background_media":"none","video_position":"cover","background_image_position":"cover","border":"none","border_width":1,"border_opacity":100,"border_radius":0,"placeholder":"","toggle_overlay":false,"overlay_color":"#00000026","overlay_style":"solid","gradient_direction":"to top","padding-block-start":0,"padding-block-end":0,"padding-inline-start":0,"padding-inline-end":0},"blocks":{"group_inXLCA":{"type":"group","name":"t:names.group","settings":{"link":"","open_in_new_tab":false,"content_direction":"column","vertical_on_mobile":true,"horizontal_alignment":"flex-start","vertical_alignment":"center","align_baseline":false,"horizontal_alignment_flex_direction_column":"flex-start","vertical_alignment_flex_direction_column":"center","gap":12,"width":"fill","custom_width":100,"width_mobile":"fill","custom_width_mobile":100,"height":"fit","custom_height":100,"inherit_color_scheme":true,"color_scheme":"","background_media":"none","video_position":"cover","background_image_position":"cover","border":"none","border_width":1,"border_opacity":100,"border_radius":0,"placeholder":"","toggle_overlay":false,"overlay_color":"#00000026","overlay_style":"solid","gradient_direction":"to top","padding-block-start":0,"padding-block-end":0,"padding-inline-start":0,"padding-inline-end":0},"blocks":{"text_JdG86R":{"type":"text","name":"t:names.heading","disabled":true,"settings":{"text":"<h2>Product Specifications<\/h2>","width":"fit-content","max_width":"normal","alignment":"left","type_preset":"rte","font":"var(--font-body--family)","font_size":"1rem","line_height":"normal","letter_spacing":"normal","case":"none","wrap":"pretty","color":"var(--color-foreground)","background":false,"background_color":"#00000026","corner_radius":0,"padding-block-start":0,"padding-block-end":0,"padding-inline-start":0,"padding-inline-end":0},"blocks":{}},"ai_gen_block_e6223f0_GX7wLT":{"type":"ai_gen_block_e6223f0","name":"Gemstone specs","settings":{"heading":"Gemstone Specification","heading_size":24,"heading_alignment":"left","stone_name_1":"{{ closest.product.metafields.custom.stone_name | metafield_text: field: 'stone_names' }}","stone_name_2":"","stone_name_3":"","total_weight":"{{ closest.product.metafields.custom.total_weight | metafield_text }}","average_size":"{{ closest.product.metafields.custom.carat_size | metafield_text }}","dimensions":"{{ closest.product.metafields.custom.dimension_w_x_h_x_t.value }}","carat_weight":"{{ closest.product.metafields.custom.carat_weight | metafield_text: field: 'carat_weight' }}","shape_cut_1":"{{ closest.product.metafields.custom.gems_by_shapes | metafield_text: field: 'shape_name' }}","shape_cut_2":"","shape_cut_3":"","color_1":"{{ closest.product.metafields.custom.color_of_gems | metafield_text: field: 'name' }}","color_2":"{{ closest.product.metafields.shopify[\"color-pattern\"] | metafield_text: field: 'label' }}","color_3":"","clarity":"{{ closest.product.metafields.custom.clarity | metafield_text: field: 'clarity' }}","origin_1":"{{ closest.product.metafields.custom.origin | metafield_text: field: 'origin_name' }}","origin_2":"","origin_3":"","treatment_1":"{{ closest.product.metafields.custom.treatments | metafield_text: field: 'treatment_types' }}","treatment_2":"","treatment_3":"","birthstone_1":"{{ closest.product.metafields.custom.birthstones | metafield_text: field: 'birthstone' }}","birthstone_2":"","birthstone_3":"","deal_type":"{{ closest.product.metafields.custom.deal_type | metafield_text: field: 'deal_type' }}","background_color":"#ffffff","heading_color":"#000000","text_color":"#000000","label_color":"#333333","header_bg_color":"#f5f5f5","header_text_color":"#000000","row_bg_color":"#fafafa","border_color":"#e6e6e6","border_radius":8,"table_border_radius":4,"table_border_width":1},"blocks":{}},"custom_liquid_YCNDKR":{"type":"custom-liquid","name":"t:names.custom_liquid","disabled":true,"settings":{"custom_liquid":"<h2>Gemstone Specification<\/h2>\n\n<table class=\"gemstone-spec\">\n  <tbody>\n    {% if product.metafields.custom.stone_name.value != blank %}\n      <tr>\n        <th>Stone Name<\/th>\n        <td>\n          {% for stone in product.metafields.custom.stone_name.value limit:3 %}\n            {{ stone.stone_names }}{% unless forloop.last %}, {% endunless %}\n          {% endfor %}\n        <\/td>\n      <\/tr>\n    {% endif %}\n\n    {% if product.metafields.custom.total_weight != blank %}\n      <tr>\n        <th>Total Weight<\/th>\n        <td>\n          {{ product.metafields.custom.total_weight | strip | replace: '[\"', '' | replace: '\"]', '' }}\n        <\/td>\n      <\/tr>\n    {% endif %}\n\n    {% if product.metafields.custom.carat_size != blank %}\n      <tr>\n        <th>Average Size<\/th>\n        <td>\n          {{ product.metafields.custom.carat_size | strip | replace: '[\"', '' | replace: '\"]', '' }}\n        <\/td>\n      <\/tr>\n    {% endif %}\n\n    {% if product.metafields.custom.dimension != blank %}\n      <tr>\n        <th>Dimension (w × h × t)<\/th>\n        <td>{{ product.metafields.custom.dimension | strip | replace: '[\"', '' | replace: '\"]', '' }}<\/td>\n      <\/tr>\n    {% endif %}\n\n    {% if product.metafields.custom.gems_by_shapes.value != blank %}\n      <tr>\n        <th>Shapes \/ Cut<\/th>\n        <td>\n          {% for shape in product.metafields.custom.gems_by_shapes.value limit:3 %}\n            {{ shape.shape_name }}{% unless forloop.last %}, {% endunless %}\n          {% endfor %}\n        <\/td>\n      <\/tr>\n    {% endif %}\n\n    {% if product.metafields.custom.carat_weight.value != blank %}\n      <tr>\n        <th>Carat Weight<\/th>\n        <td>\n          {% for weight in product.metafields.custom.carat_weight.value limit:3 %}\n            {{ weight.carat_weight }}{% unless forloop.last %}, {% endunless %}\n          {% endfor %}\n        <\/td>\n      <\/tr>\n    {% endif %}\n\n    {% if product.metafields.custom.color_of_gems.value != blank %}\n      <tr>\n        <th>Color of Gems<\/th>\n        <td>\n          {% for color in product.metafields.custom.color_of_gems.value limit:3 %}\n            {{ color.colors }}{% unless forloop.last %}, {% endunless %}\n          {% endfor %}\n        <\/td>\n      <\/tr>\n    {% endif %}\n\n    {% if product.metafields.custom.clarity.value != blank %}\n      <tr>\n        <th>Clarity<\/th>\n        <td>\n          {% for clarity in product.metafields.custom.clarity.value limit:3 %}\n            {{ clarity.clarity }}{% unless forloop.last %}, {% endunless %}\n          {% endfor %}\n        <\/td>\n      <\/tr>\n    {% endif %}\n\n    {% if product.metafields.custom.origin.value != blank %}\n      <tr>\n        <th>Origin<\/th>\n        <td>\n          {% for origin in product.metafields.custom.origin.value limit:3 %}\n            {{ origin.origin_name }}{% unless forloop.last %}, {% endunless %}\n          {% endfor %}\n        <\/td>\n      <\/tr>\n    {% endif %}\n\n    {% if product.metafields.custom.treatments.value != blank %}\n      <tr>\n        <th>Treatments<\/th>\n        <td>\n          {% for treatment in product.metafields.custom.treatments.value limit:3 %}\n            {{ treatment.treatment_types }}{% unless forloop.last %}, {% endunless %}\n          {% endfor %}\n        <\/td>\n      <\/tr>\n    {% endif %}\n\n    {% if product.metafields.custom.birthstones.value != blank %}\n      <tr>\n        <th>Birthstones<\/th>\n        <td>\n          {% for birthstone in product.metafields.custom.birthstones.value limit:3 %}\n            {{ birthstone.birthstone }}{% unless forloop.last %}, {% endunless %}\n          {% endfor %}\n        <\/td>\n      <\/tr>\n    {% endif %}\n\n    {% if product.metafields.custom.deal_type.value != blank %}\n      <tr>\n        <th>Deal Type<\/th>\n        <td>\n          {% for deal in product.metafields.custom.deal_type.value limit:3 %}\n            {{ deal.deal_type }}{% unless forloop.last %}, {% endunless %}\n          {% endfor %}\n        <\/td>\n      <\/tr>\n    {% endif %}\n  <\/tbody>\n<\/table>\n\n<style>\n.gemstone-spec {\n  width: 100%;\n  border-collapse: collapse;\n  font-size: 0.95rem;\n  margin-bottom: 20px;\n}\n.gemstone-spec th, .gemstone-spec td {\n  padding: 8px 12px;\n  border: 1px solid #ddd;\n  text-align: left;\n}\n.gemstone-spec th {\n  background-color: #f9f9f9;\n  font-weight: 600;\n  width: 40%;\n}\n<\/style>"},"blocks":{}}},"block_order":["text_JdG86R","ai_gen_block_e6223f0_GX7wLT","custom_liquid_YCNDKR"]},"group_beh96x":{"type":"group","name":"t:names.group","settings":{"link":"","open_in_new_tab":false,"content_direction":"column","vertical_on_mobile":true,"horizontal_alignment":"flex-start","vertical_alignment":"center","align_baseline":false,"horizontal_alignment_flex_direction_column":"flex-start","vertical_alignment_flex_direction_column":"center","gap":12,"width":"custom","custom_width":89,"width_mobile":"fit-content","custom_width_mobile":100,"height":"custom","custom_height":93,"inherit_color_scheme":true,"color_scheme":"","background_media":"none","video_position":"cover","background_image_position":"cover","border":"none","border_width":1,"border_opacity":100,"border_radius":0,"placeholder":"","toggle_overlay":false,"overlay_color":"#00000026","overlay_style":"solid","gradient_direction":"to top","padding-block-start":0,"padding-block-end":0,"padding-inline-start":12,"padding-inline-end":45},"blocks":{"text_a8AJ7C":{"type":"text","name":"t:names.heading","settings":{"text":"<h2>Product Description<\/h2>","width":"100%","max_width":"none","alignment":"left","type_preset":"custom","font":"var(--font-heading--family)","font_size":"1.5rem","line_height":"normal","letter_spacing":"normal","case":"none","wrap":"pretty","color":"var(--color-foreground-heading)","background":false,"background_color":"#00000026","corner_radius":0,"padding-block-start":0,"padding-block-end":0,"padding-inline-start":0,"padding-inline-end":0},"blocks":{}},"text_Rp6LXW":{"type":"text","name":"t:names.text","settings":{"text":"{{ closest.product.description }}","width":"100%","max_width":"none","alignment":"left","type_preset":"rte","font":"var(--font-body--family)","font_size":"1rem","line_height":"normal","letter_spacing":"normal","case":"none","wrap":"pretty","color":"var(--color-foreground)","background":false,"background_color":"#00000026","corner_radius":0,"padding-block-start":0,"padding-block-end":0,"padding-inline-start":0,"padding-inline-end":0},"blocks":{}}},"block_order":["text_a8AJ7C","text_Rp6LXW"]}},"block_order":["group_inXLCA","group_beh96x"]},"text_f7p8KD":{"type":"text","name":"t:names.heading","disabled":true,"settings":{"text":"<h2>Product Description<\/h2>","width":"fit-content","max_width":"normal","alignment":"left","type_preset":"rte","font":"var(--font-body--family)","font_size":"1rem","line_height":"normal","letter_spacing":"normal","case":"none","wrap":"pretty","color":"var(--color-foreground)","background":false,"background_color":"#00000026","corner_radius":0,"padding-block-start":0,"padding-block-end":0,"padding-inline-start":0,"padding-inline-end":0},"blocks":{}},"text_MrD36g":{"type":"text","name":"t:names.text","disabled":true,"settings":{"text":"{{ closest.product.description }}","width":"100%","max_width":"none","alignment":"left","type_preset":"rte","font":"var(--font-body--family)","font_size":"1rem","line_height":"normal","letter_spacing":"normal","case":"none","wrap":"pretty","color":"var(--color-foreground)","background":false,"background_color":"#00000026","corner_radius":0,"padding-block-start":0,"padding-block-end":0,"padding-inline-start":0,"padding-inline-end":0},"blocks":{}}},"block_order":["group_3pmC7b","text_f7p8KD","text_MrD36g"],"name":"Product Description","settings":{"content_direction":"column","vertical_on_mobile":true,"horizontal_alignment":"flex-start","vertical_alignment":"center","align_baseline":false,"horizontal_alignment_flex_direction_column":"flex-start","vertical_alignment_flex_direction_column":"center","gap":12,"section_width":"page-width","section_height":"small","section_height_custom":50,"color_scheme":"","background_media":"none","video_position":"cover","background_image_position":"cover","border":"none","border_width":1,"border_opacity":100,"border_radius":0,"toggle_overlay":false,"overlay_color":"#00000026","overlay_style":"solid","gradient_direction":"to top","padding-block-start":17,"padding-block-end":0}},"section_FV3CGi":{"type":"section","blocks":{"text_AMwmyD":{"type":"text","name":"t:names.heading","settings":{"text":"<h3>Frequently asked questions<\/h3>","width":"fit-content","max_width":"narrow","alignment":"left","type_preset":"rte","font":"var(--font-body--family)","font_size":"1rem","line_height":"normal","letter_spacing":"normal","case":"none","wrap":"pretty","color":"var(--color-foreground)","background":false,"background_color":"#00000026","corner_radius":0,"padding-block-start":0,"padding-block-end":0,"padding-inline-start":0,"padding-inline-end":0},"blocks":{}},"accordion_LxGQmB":{"type":"accordion","name":"t:names.accordion","settings":{"icon":"caret","dividers":true,"type_preset":"h5","inherit_color_scheme":true,"color_scheme":"","border":"none","border_width":1,"border_opacity":100,"border_radius":0,"padding-block-start":0,"padding-block-end":0,"padding-inline-start":0,"padding-inline-end":0},"blocks":{"accordion_row_6hFqK8":{"type":"_accordion-row","settings":{"heading":"What is the return policy?","open_by_default":false,"icon":"none","width":20},"blocks":{"text_qQ7FBH":{"type":"text","settings":{"text":"<p>Our goal is for every customer to be totally satisfied with their purchase. If this isn’t the case, let us know and we’ll do our best to work with you to make it right. <\/p>","width":"100%","max_width":"normal","alignment":"left","type_preset":"rte","font":"var(--font-body--family)","font_size":"1rem","line_height":"normal","letter_spacing":"normal","case":"none","wrap":"pretty","color":"var(--color-foreground)","background":false,"background_color":"#00000026","corner_radius":0,"padding-block-start":0,"padding-block-end":0,"padding-inline-start":0,"padding-inline-end":0},"blocks":{}}},"block_order":["text_qQ7FBH"]},"accordion_row_QCMnqT":{"type":"_accordion-row","settings":{"heading":"Are any purchases final sale?","open_by_default":false,"icon":"none","width":20},"blocks":{"text_3DFtaC":{"type":"text","settings":{"text":"<p>We are unable to accept returns on certain items. These will be carefully marked before purchase.<\/p>","width":"100%","max_width":"normal","alignment":"left","type_preset":"rte","font":"var(--font-body--family)","font_size":"1rem","line_height":"normal","letter_spacing":"normal","case":"none","wrap":"pretty","color":"var(--color-foreground)","background":false,"background_color":"#00000026","corner_radius":0,"padding-block-start":0,"padding-block-end":0,"padding-inline-start":0,"padding-inline-end":0},"blocks":{}}},"block_order":["text_3DFtaC"]},"accordion_row_9HJA87":{"type":"_accordion-row","settings":{"heading":"When will I get my order?","open_by_default":false,"icon":"none","width":20},"blocks":{"text_JDig6D":{"type":"text","name":"t:names.text","settings":{"text":"<p>We will work quickly to ship your order as soon as possible. Once your order has shipped, you will receive an email with further information. Delivery times vary depending on your location.<\/p>","width":"100%","max_width":"normal","alignment":"left","type_preset":"rte","font":"var(--font-body--family)","font_size":"1rem","line_height":"normal","letter_spacing":"normal","case":"none","wrap":"pretty","color":"var(--color-foreground)","background":false,"background_color":"#00000026","corner_radius":0,"padding-block-start":0,"padding-block-end":0,"padding-inline-start":0,"padding-inline-end":0},"blocks":{}}},"block_order":["text_JDig6D"]},"accordion_row_nktMqM":{"type":"_accordion-row","settings":{"heading":"Where are your products manufactured?","open_by_default":false,"icon":"none","width":20},"blocks":{"text_f3eiPB":{"type":"text","name":"t:names.text","settings":{"text":"<p>Our products are manufactured both locally and globally. We carefully select our manufacturing partners to ensure our products are high quality and a fair value. <\/p>","width":"100%","max_width":"normal","alignment":"left","type_preset":"rte","font":"var(--font-body--family)","font_size":"1rem","line_height":"normal","letter_spacing":"normal","case":"none","wrap":"pretty","color":"var(--color-foreground)","background":false,"background_color":"#00000026","corner_radius":0,"padding-block-start":0,"padding-block-end":0,"padding-inline-start":0,"padding-inline-end":0},"blocks":{}}},"block_order":["text_f3eiPB"]},"accordion_row_qmK4xt":{"type":"_accordion-row","settings":{"heading":"How much does shipping cost?","open_by_default":false,"icon":"none","width":20},"blocks":{"text_A4TcEd":{"type":"text","name":"t:names.text","settings":{"text":"<p>Shipping is calculated based on your location and the items in your order. You will always know the shipping price before you purchase.<\/p>","width":"100%","max_width":"normal","alignment":"left","type_preset":"rte","font":"var(--font-body--family)","font_size":"1rem","line_height":"normal","letter_spacing":"normal","case":"none","wrap":"pretty","color":"var(--color-foreground)","background":false,"background_color":"#00000026","corner_radius":0,"padding-block-start":0,"padding-block-end":0,"padding-inline-start":0,"padding-inline-end":0},"blocks":{}}},"block_order":["text_A4TcEd"]}},"block_order":["accordion_row_6hFqK8","accordion_row_QCMnqT","accordion_row_9HJA87","accordion_row_nktMqM","accordion_row_qmK4xt"]}},"block_order":["text_AMwmyD","accordion_LxGQmB"],"disabled":true,"name":"t:names.faq_section","settings":{"content_direction":"column","vertical_on_mobile":true,"horizontal_alignment":"flex-start","vertical_alignment":"center","align_baseline":false,"horizontal_alignment_flex_direction_column":"flex-start","vertical_alignment_flex_direction_column":"center","gap":32,"section_width":"page-width","section_height":"","section_height_custom":50,"color_scheme":"","background_media":"none","video_position":"cover","background_image_position":"cover","border":"none","border_width":1,"border_opacity":100,"border_radius":0,"toggle_overlay":false,"overlay_color":"#00000026","overlay_style":"solid","gradient_direction":"to top","padding-block-start":48,"padding-block-end":48}},"1756506782eb5009d3":{"type":"_blocks","settings":{"content_direction":"column","vertical_on_mobile":true,"horizontal_alignment":"flex-start","vertical_alignment":"center","align_baseline":false,"horizontal_alignment_flex_direction_column":"flex-start","vertical_alignment_flex_direction_column":"center","gap":12,"section_width":"page-width","section_height":"","section_height_custom":50,"color_scheme":"","background_media":"none","video_position":"cover","background_image_position":"cover","border":"none","border_width":1,"border_opacity":100,"border_radius":0,"toggle_overlay":false,"overlay_color":"#00000026","overlay_style":"solid","gradient_direction":"to top","padding-block-start":0,"padding-block-end":0}},"1752919418fbe35b1a":{"type":"_blocks","blocks":{"judge_me_reviews_review_widget_QByejj":{"type":"shopify:\/\/apps\/judge-me-reviews\/blocks\/review_widget\/61ccd3b1-a9f2-4160-9fe9-4fec8413e5d8","settings":{"review_data":"sample_data","max_width":1200}}},"block_order":["judge_me_reviews_review_widget_QByejj"],"name":"Review","settings":{"content_direction":"row","vertical_on_mobile":true,"horizontal_alignment":"center","vertical_alignment":"center","align_baseline":false,"horizontal_alignment_flex_direction_column":"center","vertical_alignment_flex_direction_column":"center","gap":12,"section_width":"page-width","section_height":"","section_height_custom":50,"color_scheme":"","background_media":"none","video_position":"cover","background_image_position":"cover","border":"none","border_width":1,"border_opacity":100,"border_radius":0,"toggle_overlay":false,"overlay_color":"#00000026","overlay_style":"solid","gradient_direction":"to top","padding-block-start":0,"padding-block-end":0}},"product_recommendations_qggXJq":{"type":"product-recommendations","blocks":{"text_cbcgyb":{"type":"text","name":"t:names.header","settings":{"text":"<h3>You may also like <\/h3>","width":"fit-content","max_width":"normal","alignment":"left","type_preset":"rte","font":"var(--font-primary--family)","font_size":"","line_height":"normal","letter_spacing":"normal","case":"none","wrap":"pretty","color":"","background":false,"background_color":"#00000026","corner_radius":0,"padding-block-start":0,"padding-block-end":0,"padding-inline-start":0,"padding-inline-end":0},"blocks":{}},"static-product-card":{"type":"_product-card","name":"t:names.product_card","static":true,"settings":{"product_card_gap":8,"inherit_color_scheme":true,"color_scheme":"","border":"none","border_width":1,"border_opacity":100,"border_radius":0,"padding-block-start":0,"padding-block-end":0,"padding-inline-start":0,"padding-inline-end":0},"blocks":{"product_card_gallery_DNizbJ":{"type":"_product-card-gallery","name":"t:names.product_card_media","settings":{"image_ratio":"portrait","border":"none","border_width":1,"border_opacity":100,"border_radius":0,"padding-block-start":0,"padding-block-end":0,"padding-inline-start":0,"padding-inline-end":0},"blocks":{}},"group_zGryyP":{"type":"_product-card-group","settings":{"link":"","open_in_new_tab":false,"content_direction":"column","vertical_on_mobile":true,"horizontal_alignment":"flex-start","vertical_alignment":"center","align_baseline":false,"horizontal_alignment_flex_direction_column":"flex-start","vertical_alignment_flex_direction_column":"center","gap":4,"width":"fill","custom_width":100,"width_mobile":"fill","custom_width_mobile":100,"height":"fit","custom_height":100,"inherit_color_scheme":true,"color_scheme":"","background_media":"none","video_position":"cover","background_image_position":"cover","border":"none","border_width":1,"border_opacity":100,"border_radius":0,"toggle_overlay":false,"overlay_color":"#00000026","overlay_style":"solid","gradient_direction":"to top","padding-block-start":0,"padding-block-end":0,"padding-inline-start":0,"padding-inline-end":0},"blocks":{"product_title_Dk8awd":{"type":"product-title","name":"t:names.product_title","settings":{"width":"fit-content","max_width":"normal","alignment":"left","type_preset":"rte","font":"var(--font-body--family)","font_size":"1rem","line_height":"normal","letter_spacing":"normal","case":"none","wrap":"pretty","color":"var(--color-foreground)","background":false,"background_color":"#00000026","corner_radius":0,"padding-block-start":0,"padding-block-end":0,"padding-inline-start":0,"padding-inline-end":0},"blocks":{}},"price_AUnDAd":{"type":"price","settings":{"show_sale_price_first":true,"show_installments":false,"show_tax_info":false,"type_preset":"h4","width":"100%","alignment":"left","font":"var(--font-body--family)","font_size":"1rem","line_height":"normal","letter_spacing":"normal","case":"none","color":"var(--color-foreground)","padding-block-start":0,"padding-block-end":0,"padding-inline-start":0,"padding-inline-end":0},"blocks":{}},"swatches_yPCmba":{"type":"swatches","settings":{"product_swatches_alignment":"flex-start","product_swatches_alignment_mobile":"flex-start","hide_padding":false,"product_swatches_padding_top":4,"product_swatches_padding_bottom":0,"product_swatches_padding_left":0,"product_swatches_padding_right":0},"blocks":{}}},"block_order":["product_title_Dk8awd","price_AUnDAd","swatches_yPCmba"]}},"block_order":["product_card_gallery_DNizbJ","group_zGryyP"]}},"block_order":["text_cbcgyb"],"name":"Related Products","settings":{"product":"{{ product }}","recommendation_type":"related","layout_type":"carousel","carousel_on_mobile":false,"max_products":8,"columns":5,"mobile_columns":"2","columns_gap":12,"rows_gap":24,"icons_style":"arrows_large","icons_shape":"circle","section_width":"page-width","gap":28,"color_scheme":"scheme-1","padding-block-start":48,"padding-block-end":48}},"product_recommendations_tBVgmq":{"type":"product-recommendations","blocks":{"text_PVyH9p":{"type":"text","name":"t:names.header","settings":{"text":"<h3>Top Picks for You<\/h3>","width":"fit-content","max_width":"normal","alignment":"left","type_preset":"rte","font":"var(--font-primary--family)","font_size":"","line_height":"normal","letter_spacing":"normal","case":"none","wrap":"pretty","color":"","background":false,"background_color":"#00000026","corner_radius":0,"padding-block-start":0,"padding-block-end":0,"padding-inline-start":0,"padding-inline-end":0},"blocks":{}},"static-product-card":{"type":"_product-card","name":"t:names.product_card","static":true,"settings":{"product_card_gap":8,"inherit_color_scheme":true,"color_scheme":"","border":"none","border_width":1,"border_opacity":100,"border_radius":0,"padding-block-start":0,"padding-block-end":0,"padding-inline-start":0,"padding-inline-end":0},"blocks":{"product_card_gallery_aPJQE4":{"type":"_product-card-gallery","name":"t:names.product_card_media","settings":{"image_ratio":"square","border":"none","border_width":1,"border_opacity":100,"border_radius":0,"padding-block-start":0,"padding-block-end":0,"padding-inline-start":0,"padding-inline-end":0},"blocks":{}},"product_card_group_4WczaX":{"type":"_product-card-group","settings":{"link":"","open_in_new_tab":false,"content_direction":"column","vertical_on_mobile":true,"horizontal_alignment":"flex-start","vertical_alignment":"center","align_baseline":false,"horizontal_alignment_flex_direction_column":"flex-start","vertical_alignment_flex_direction_column":"center","gap":4,"width":"fill","custom_width":100,"width_mobile":"fill","custom_width_mobile":100,"height":"fit","custom_height":100,"inherit_color_scheme":true,"color_scheme":"","background_media":"none","video_position":"cover","background_image_position":"cover","border":"none","border_width":1,"border_opacity":100,"border_radius":0,"toggle_overlay":false,"overlay_color":"#00000026","overlay_style":"solid","gradient_direction":"to top","padding-block-start":0,"padding-block-end":0,"padding-inline-start":0,"padding-inline-end":0},"blocks":{"product_title_WaCFLY":{"type":"product-title","name":"t:names.product_title","settings":{"width":"fit-content","max_width":"normal","alignment":"left","type_preset":"rte","font":"var(--font-body--family)","font_size":"1rem","line_height":"normal","letter_spacing":"normal","case":"none","wrap":"pretty","color":"var(--color-foreground)","background":false,"background_color":"#00000026","corner_radius":0,"padding-block-start":0,"padding-block-end":0,"padding-inline-start":0,"padding-inline-end":0},"blocks":{}},"price_Kayd9c":{"type":"price","settings":{"show_sale_price_first":true,"show_installments":false,"show_tax_info":false,"type_preset":"h4","width":"100%","alignment":"left","font":"var(--font-body--family)","font_size":"1rem","line_height":"normal","letter_spacing":"normal","case":"none","color":"var(--color-foreground)","padding-block-start":0,"padding-block-end":0,"padding-inline-start":0,"padding-inline-end":0},"blocks":{}},"swatches_KVeUwt":{"type":"swatches","settings":{"product_swatches_alignment":"flex-start","product_swatches_alignment_mobile":"flex-start","hide_padding":false,"product_swatches_padding_top":4,"product_swatches_padding_bottom":0,"product_swatches_padding_left":0,"product_swatches_padding_right":0},"blocks":{}}},"block_order":["product_title_WaCFLY","price_Kayd9c","swatches_KVeUwt"]}},"block_order":["product_card_gallery_aPJQE4","product_card_group_4WczaX"]}},"block_order":["text_PVyH9p"],"name":"Top Picks","settings":{"product":"{{ closest.product }}","recommendation_type":"complementary","layout_type":"carousel","carousel_on_mobile":true,"max_products":8,"columns":5,"mobile_columns":"2","columns_gap":12,"rows_gap":24,"icons_style":"arrows_large","icons_shape":"circle","section_width":"page-width","gap":28,"color_scheme":"scheme-1","padding-block-start":48,"padding-block-end":48}},"custom_liquid_z9jKRX":{"type":"custom-liquid","custom_css":[".tag-list ul {list-style: none; padding: 0; display: flex; flex-wrap: wrap;}",".tag-list li {margin: 5px;}",".tag-list a {padding: 6px 12px; background: #f4f4f4; border-radius: 4px; text-decoration: none; color: #333;}"],"name":"Product Tags","settings":{"custom_liquid":"{% assign all_tags = '' | split: ',' %}\n\n{% for product in collections.all.products %}\n  {% assign all_tags = all_tags | concat: product.tags %}\n{% endfor %}\n\n{% assign unique_tags = all_tags | uniq %}\n{% assign limited_tags = unique_tags | slice: 0, 25 %}\n\n<div class=\"tag-list\">\n  <h3>Explore Popular searches<\/h3>\n  <ul>\n    {% for tag in limited_tags %}\n      <li><a href=\"\/collections\/all\/{{ tag | handle }}\">{{ tag }}<\/a><\/li>\n    {% endfor %}\n  <\/ul>\n<\/div>","color_scheme":"scheme-1c872cc0-43f2-4531-bd79-2d8d9e578ac0","section_width":"page-width","padding-block-start":0,"padding-block-end":25}},"custom_liquid_9FyjiQ":{"type":"custom-liquid","disabled":true,"custom_css":[".top-searches-container {padding: 40px 20px; background-color: #f9f9f9; text-align: center;}",".top-searches-container h2 {font-size: 24px; margin-bottom: 20px; color: #222; font-weight: 600;}",".search-tags {display: flex; flex-wrap: wrap; justify-content: center; gap: 12px;}",".search-tag {background-color: #e3f2fd; color: #0d47a1; padding: 10px 18px; border-radius: 24px; text-decoration: none; font-size: 14px; transition: background-color 0.3s ease;}",".search-tag:hover {background-color: #bbdefb;}"],"name":"Related Searches","settings":{"custom_liquid":"<div class=\"top-searches-container\">\n  <h2>Popular Store Searches<\/h2>\n  <div class=\"search-tags\">\n    {% assign search_terms = \"emerald ring,ruby necklace,natural sapphires,peridot stone,katlang topaz,imperial topaz,garnet ring,aquamarine loose,raw tourmaline,sapphire beads,spinel rough,sapphire crystal,raw ruby,blue topaz,loose gemstones,gemstone ring,faceted stones,natural zircon,moss agate,lapis lazuli,moonstone ring,raw gems,tourmaline mix,color change sapphire,alexandrite\" | split: \",\" %}\n    {% for term in search_terms limit: 25 %}\n      {% assign clean_term = term | strip %}\n      <a class=\"search-tag\" href=\"\/search?q={{ clean_term | url_encode }}\">{{ clean_term }}<\/a>\n    {% endfor %}\n  <\/div>\n<\/div>","color_scheme":"","section_width":"page-width","padding-block-start":0,"padding-block-end":0}}},"order":["1754594390b25b12fb","main","section_eNJxXr","section_FV3CGi","1756506782eb5009d3","1752919418fbe35b1a","product_recommendations_qggXJq","product_recommendations_tBVgmq","custom_liquid_z9jKRX","custom_liquid_9FyjiQ"]}