{"sections":{"section_ABQFyt":{"type":"section","blocks":{"text_bQVH7e":{"type":"text","settings":{"text":"<h1>Affordable Birthstone Loose Gems | Rough Gems<\/h1>","width":"100%","max_width":"none","alignment":"center","type_preset":"h1","font":"var(--font-body--family)","font_size":"1rem","line_height":"normal","letter_spacing":"normal","case":"none","wrap":"pretty","color":"var(--color-foreground)","background":false,"background_color":"#00000026","corner_radius":0,"padding-block-start":0,"padding-block-end":0,"padding-inline-start":0,"padding-inline-end":0},"blocks":{}}},"block_order":["text_bQVH7e"],"name":"t:names.pull_quote","settings":{"content_direction":"column","vertical_on_mobile":true,"horizontal_alignment":"flex-start","vertical_alignment":"center","align_baseline":false,"horizontal_alignment_flex_direction_column":"center","vertical_alignment_flex_direction_column":"center","gap":16,"section_width":"page-width","section_height":"","section_height_custom":50,"color_scheme":"","background_media":"none","video_position":"cover","background_image_position":"cover","border":"none","border_width":1,"border_opacity":100,"border_radius":0,"toggle_overlay":false,"overlay_color":"#00000026","overlay_style":"solid","gradient_direction":"to top","padding-block-start":64,"padding-block-end":64}},"section_meDQiU":{"type":"section","blocks":{"ai_gen_block_c64ff6b_fihNKT":{"type":"ai_gen_block_c64ff6b","name":"Menu Grid","settings":{"layout":"page","columns_desktop":12,"columns_mobile":4,"enable_carousel":false,"grid_gap":20,"menu_shape":"circle","border_radius":8,"color_scheme":"","title_position":"below","title_size":16,"button_position":"overlay","button_border_radius":4,"overlay_opacity":40,"padding_top":40,"padding_bottom":40,"collection_1":"","external_link_1":"shopify:\/\/metaobjects\/birthstones\/january-birthstone","external_image_1":"shopify:\/\/shop_images\/garnet_82162517-983f-4545-a16c-aae4afcbc294.png","title_1":"January Birthstone","button_text_1":"Shop Now","show_title_1":true,"show_button_1":false,"collection_2":"","external_link_2":"shopify:\/\/metaobjects\/birthstones\/february-birthstone","external_image_2":"shopify:\/\/shop_images\/sterling-silver-heart-shape-amethyst-cz-pendant-39_500x_aef03990-2870-46d2-a62e-af947d288a32.jpg","title_2":"February Birthstone","button_text_2":"","show_title_2":true,"show_button_2":false,"collection_3":"","external_link_3":"shopify:\/\/metaobjects\/birthstones\/march-birthstone","external_image_3":"shopify:\/\/shop_images\/aquamarine-jewelry.png","title_3":"March Borthstone","button_text_3":"Shop Now","show_title_3":true,"show_button_3":false,"collection_4":"","external_link_4":"shopify:\/\/metaobjects\/birthstones\/april-birthstone","external_image_4":"shopify:\/\/shop_images\/gemstones-for-mindful-living-collection-banner-featuring-amethyst-rose-quartz-and-aquamarine-stones-in-a-meditation-setting.png","title_4":"April Birthstone","button_text_4":"Shop Now","show_title_4":true,"show_button_4":false,"collection_5":"","external_link_5":"shopify:\/\/metaobjects\/birthstones\/may-birthstones","external_image_5":"shopify:\/\/shop_images\/art-deco-ring_1.webp","title_5":"May Birthstone","button_text_5":"Shop Now","show_title_5":true,"show_button_5":true,"collection_6":"","external_link_6":"shopify:\/\/metaobjects\/birthstones\/june-birthstones","external_image_6":"shopify:\/\/shop_images\/Pear_Cut_Alexanderite.jpg","title_6":"June Birthstone","button_text_6":"Shop Now","show_title_6":true,"show_button_6":false,"collection_7":"","external_link_7":"shopify:\/\/metaobjects\/birthstones\/july-birthstones","external_image_7":"shopify:\/\/shop_images\/Christies-Jubilee-Ruby.png","title_7":"July Birthstone","button_text_7":"","show_title_7":true,"show_button_7":false,"collection_8":"","external_link_8":"shopify:\/\/metaobjects\/birthstones\/august-birthstones","external_image_8":"shopify:\/\/shop_images\/peridot_jewelry.jpg","title_8":"August Birthstone","button_text_8":"","show_title_8":true,"show_button_8":false,"collection_9":"","external_link_9":"shopify:\/\/metaobjects\/birthstones\/september-birthstones","external_image_9":"shopify:\/\/shop_images\/necklace_sapphire.png","title_9":"September Birthstone","button_text_9":"Shop Now","show_title_9":true,"show_button_9":false,"collection_10":"","external_link_10":"shopify:\/\/metaobjects\/birthstones\/october-birthstones","external_image_10":"shopify:\/\/shop_images\/tourmaline-jewelry.png","title_10":"October Birthstone","button_text_10":"Shop Now","show_title_10":true,"show_button_10":false,"collection_11":"","external_link_11":"shopify:\/\/metaobjects\/birthstones\/november-birthstones","external_image_11":"shopify:\/\/shop_images\/citrine_neckalce.png","title_11":"November Birthstone","button_text_11":"Shop Now","show_title_11":true,"show_button_11":false,"collection_12":"","external_link_12":"shopify:\/\/metaobjects\/birthstones\/december-birthstones","external_image_12":"shopify:\/\/shop_images\/Topaz.jpg","title_12":"December Birthstone","button_text_12":"Shop Now","show_title_12":true,"show_button_12":false,"collection_13":"","external_link_13":"","title_13":"","button_text_13":"Shop Now","show_title_13":true,"show_button_13":true,"collection_14":"","external_link_14":"","title_14":"","button_text_14":"Shop Now","show_title_14":true,"show_button_14":true,"collection_15":"","external_link_15":"","title_15":"","button_text_15":"Shop Now","show_title_15":true,"show_button_15":true,"collection_16":"","external_link_16":"","title_16":"","button_text_16":"Shop Now","show_title_16":true,"show_button_16":true},"blocks":{}}},"block_order":["ai_gen_block_c64ff6b_fihNKT"],"name":"Menu","settings":{"content_direction":"column","vertical_on_mobile":true,"horizontal_alignment":"flex-start","vertical_alignment":"center","align_baseline":false,"horizontal_alignment_flex_direction_column":"center","vertical_alignment_flex_direction_column":"center","gap":12,"section_width":"page-width","section_height":"","section_height_custom":0,"color_scheme":"","background_media":"none","video_position":"cover","background_image_position":"cover","border":"none","border_width":1,"border_opacity":100,"border_radius":0,"toggle_overlay":false,"overlay_color":"#00000026","overlay_style":"solid","gradient_direction":"to top","padding-block-start":0,"padding-block-end":0}},"section_R8qWP7":{"type":"section","blocks":{"text_PUiEP3":{"type":"text","settings":{"text":"<h2>{{ closest.metaobject.birthstones.collection_tite.value }}<\/h2>","width":"100%","max_width":"narrow","alignment":"center","type_preset":"h2","font":"var(--font-body--family)","font_size":"1rem","line_height":"normal","letter_spacing":"normal","case":"none","wrap":"pretty","color":"var(--color-foreground)","background":false,"background_color":"#00000026","corner_radius":0,"padding-block-start":0,"padding-block-end":0,"padding-inline-start":0,"padding-inline-end":0},"blocks":{}}},"block_order":["text_PUiEP3"],"name":"t:names.pull_quote","settings":{"content_direction":"column","vertical_on_mobile":true,"horizontal_alignment":"flex-start","vertical_alignment":"center","align_baseline":false,"horizontal_alignment_flex_direction_column":"center","vertical_alignment_flex_direction_column":"center","gap":16,"section_width":"page-width","section_height":"","section_height_custom":50,"color_scheme":"","background_media":"none","video_position":"cover","background_image_position":"cover","border":"none","border_width":1,"border_opacity":100,"border_radius":0,"toggle_overlay":false,"overlay_color":"#00000026","overlay_style":"solid","gradient_direction":"to top","padding-block-start":14,"padding-block-end":7}},"product_list_TpWBzA":{"type":"product-list","blocks":{"static-header":{"type":"_product-list-content","name":"t:names.header","static":true,"settings":{"content_direction":"row","vertical_on_mobile":false,"horizontal_alignment":"space-between","vertical_alignment":"flex-end","align_baseline":true,"horizontal_alignment_flex_direction_column":"flex-start","vertical_alignment_flex_direction_column":"center","gap":12,"width":"fill","custom_width":100,"width_mobile":"fill","custom_width_mobile":100,"height":"fit","custom_height":100,"inherit_color_scheme":true,"color_scheme":"","background_media":"none","video_position":"cover","background_image_position":"cover","border":"none","border_width":1,"border_opacity":100,"border_radius":0,"padding-block-start":0,"padding-block-end":0,"padding-inline-start":0,"padding-inline-end":0},"blocks":{"product_list_text_GTkJeV":{"type":"_product-list-text","name":"t:names.collection_title","settings":{"text":"<h3>{{ closest.collection.title }}<\/h3>","width":"fit-content","max_width":"normal","alignment":"left","type_preset":"rte","font":"var(--font-body--family)","font_size":"","line_height":"normal","letter_spacing":"normal","case":"none","wrap":"pretty","color":"var(--color-foreground)","background":false,"background_color":"#00000026","corner_radius":0,"padding-block-start":0,"padding-block-end":0,"padding-inline-start":0,"padding-inline-end":0},"blocks":{}},"product_list_button_B7dyTU":{"type":"_product-list-button","name":"t:names.product_list_button","settings":{"label":"View all","open_in_new_tab":false,"style_class":"link","width":"fit-content","custom_width":100,"width_mobile":"fit-content","custom_width_mobile":100},"blocks":{}}},"block_order":["product_list_text_GTkJeV","product_list_button_B7dyTU"]},"static-product-card":{"type":"_product-card","name":"t:names.product_card","static":true,"settings":{"product_card_gap":8,"inherit_color_scheme":true,"color_scheme":"","border":"none","border_width":1,"border_opacity":100,"border_radius":0,"padding-block-start":0,"padding-block-end":0,"padding-inline-start":0,"padding-inline-end":0},"blocks":{"product_card_gallery_Mt4xUD":{"type":"_product-card-gallery","name":"t:names.product_image","settings":{"image_ratio":"portrait","border":"none","border_width":1,"border_opacity":100,"border_radius":0,"padding-block-start":0,"padding-block-end":0,"padding-inline-start":0,"padding-inline-end":0},"blocks":{}},"group_q9R46Y":{"type":"_product-card-group","name":"t:names.group","settings":{"link":"","open_in_new_tab":false,"content_direction":"column","vertical_on_mobile":true,"horizontal_alignment":"flex-start","vertical_alignment":"center","align_baseline":false,"horizontal_alignment_flex_direction_column":"flex-start","vertical_alignment_flex_direction_column":"center","gap":4,"width":"fill","custom_width":100,"width_mobile":"fill","custom_width_mobile":100,"height":"fit","custom_height":100,"inherit_color_scheme":true,"color_scheme":"","background_media":"none","video_position":"cover","background_image_position":"cover","border":"none","border_width":1,"border_opacity":100,"border_radius":0,"toggle_overlay":false,"overlay_color":"#00000026","overlay_style":"solid","gradient_direction":"to top","padding-block-start":0,"padding-block-end":0,"padding-inline-start":0,"padding-inline-end":0},"blocks":{"product_title_iBmUWG":{"type":"product-title","name":"t:names.product_title","settings":{"width":"100%","max_width":"normal","alignment":"left","type_preset":"h5","font":"var(--font-body--family)","font_size":"","line_height":"normal","letter_spacing":"normal","case":"none","wrap":"pretty","color":"var(--color-foreground)","background":false,"background_color":"#00000026","corner_radius":0,"padding-block-start":0,"padding-block-end":0,"padding-inline-start":0,"padding-inline-end":0},"blocks":{}},"price_UFFQB8":{"type":"price","name":"t:names.product_price","settings":{"show_sale_price_first":true,"show_installments":false,"show_tax_info":false,"type_preset":"","width":"100%","alignment":"left","font":"var(--font-body--family)","font_size":"1rem","line_height":"normal","letter_spacing":"normal","case":"none","color":"var(--color-foreground)","padding-block-start":0,"padding-block-end":0,"padding-inline-start":0,"padding-inline-end":0},"blocks":{}},"swatches_NDDz7h":{"type":"swatches","name":"t:names.swatches","settings":{"product_swatches_alignment":"flex-start","product_swatches_alignment_mobile":"flex-start","hide_padding":false,"product_swatches_padding_top":4,"product_swatches_padding_bottom":0,"product_swatches_padding_left":0,"product_swatches_padding_right":0},"blocks":{}}},"block_order":["product_title_iBmUWG","price_UFFQB8","swatches_NDDz7h"]}},"block_order":["product_card_gallery_Mt4xUD","group_q9R46Y"]}},"name":"t:names.products_carousel","settings":{"collection":"{{ metaobject.collections.value }}","layout_type":"grid","carousel_on_mobile":false,"max_products":10,"columns":5,"mobile_columns":"2","mobile_card_size":"60cqw","columns_gap":8,"rows_gap":36,"icons_style":"arrow","icons_shape":"circle","section_width":"page-width","horizontal_alignment":"flex-start","gap":28,"color_scheme":"scheme-1","padding-block-start":48,"padding-block-end":48}},"product_list_LTCq3F":{"type":"product-list","blocks":{"static-header":{"type":"_product-list-content","name":"t:names.header","static":true,"settings":{"content_direction":"row","vertical_on_mobile":false,"horizontal_alignment":"space-between","vertical_alignment":"flex-end","align_baseline":true,"horizontal_alignment_flex_direction_column":"flex-start","vertical_alignment_flex_direction_column":"center","gap":12,"width":"fill","custom_width":100,"width_mobile":"fill","custom_width_mobile":100,"height":"fit","custom_height":100,"inherit_color_scheme":true,"color_scheme":"","background_media":"none","video_position":"cover","background_image_position":"cover","border":"none","border_width":1,"border_opacity":100,"border_radius":0,"padding-block-start":0,"padding-block-end":0,"padding-inline-start":0,"padding-inline-end":0},"blocks":{"product_list_text_XLVHNd":{"type":"_product-list-text","name":"t:names.collection_title","settings":{"text":"<h3>{{ closest.collection.title }}<\/h3>","width":"fit-content","max_width":"normal","alignment":"left","type_preset":"rte","font":"var(--font-body--family)","font_size":"","line_height":"normal","letter_spacing":"normal","case":"none","wrap":"pretty","color":"var(--color-foreground)","background":false,"background_color":"#00000026","corner_radius":0,"padding-block-start":0,"padding-block-end":0,"padding-inline-start":0,"padding-inline-end":0},"blocks":{}},"product_list_button_iH3Ggn":{"type":"_product-list-button","name":"t:names.product_list_button","settings":{"label":"View all","open_in_new_tab":false,"style_class":"link","width":"fit-content","custom_width":100,"width_mobile":"fit-content","custom_width_mobile":100},"blocks":{}}},"block_order":["product_list_text_XLVHNd","product_list_button_iH3Ggn"]},"static-product-card":{"type":"_product-card","name":"t:names.product_card","static":true,"settings":{"product_card_gap":8,"inherit_color_scheme":true,"color_scheme":"","border":"none","border_width":1,"border_opacity":100,"border_radius":0,"padding-block-start":0,"padding-block-end":0,"padding-inline-start":0,"padding-inline-end":0},"blocks":{"product_card_gallery_A4x6YB":{"type":"_product-card-gallery","name":"t:names.product_image","settings":{"image_ratio":"portrait","border":"none","border_width":1,"border_opacity":100,"border_radius":0,"padding-block-start":0,"padding-block-end":0,"padding-inline-start":0,"padding-inline-end":0},"blocks":{}},"group_Enq8jn":{"type":"_product-card-group","name":"t:names.group","settings":{"link":"","open_in_new_tab":false,"content_direction":"column","vertical_on_mobile":true,"horizontal_alignment":"flex-start","vertical_alignment":"center","align_baseline":false,"horizontal_alignment_flex_direction_column":"flex-start","vertical_alignment_flex_direction_column":"center","gap":4,"width":"fill","custom_width":100,"width_mobile":"fill","custom_width_mobile":100,"height":"fit","custom_height":100,"inherit_color_scheme":true,"color_scheme":"","background_media":"none","video_position":"cover","background_image_position":"cover","border":"none","border_width":1,"border_opacity":100,"border_radius":0,"toggle_overlay":false,"overlay_color":"#00000026","overlay_style":"solid","gradient_direction":"to top","padding-block-start":0,"padding-block-end":0,"padding-inline-start":0,"padding-inline-end":0},"blocks":{"product_title_N4BtYx":{"type":"product-title","name":"t:names.product_title","settings":{"width":"100%","max_width":"normal","alignment":"left","type_preset":"h5","font":"var(--font-body--family)","font_size":"","line_height":"normal","letter_spacing":"normal","case":"none","wrap":"pretty","color":"var(--color-foreground)","background":false,"background_color":"#00000026","corner_radius":0,"padding-block-start":0,"padding-block-end":0,"padding-inline-start":0,"padding-inline-end":0},"blocks":{}},"price_wHcjPB":{"type":"price","name":"t:names.product_price","settings":{"show_sale_price_first":true,"show_installments":false,"show_tax_info":false,"type_preset":"","width":"100%","alignment":"left","font":"var(--font-body--family)","font_size":"1rem","line_height":"normal","letter_spacing":"normal","case":"none","color":"var(--color-foreground)","padding-block-start":0,"padding-block-end":0,"padding-inline-start":0,"padding-inline-end":0},"blocks":{}},"swatches_VniD4E":{"type":"swatches","name":"t:names.swatches","settings":{"product_swatches_alignment":"flex-start","product_swatches_alignment_mobile":"flex-start","hide_padding":false,"product_swatches_padding_top":4,"product_swatches_padding_bottom":0,"product_swatches_padding_left":0,"product_swatches_padding_right":0},"blocks":{}}},"block_order":["product_title_N4BtYx","price_wHcjPB","swatches_VniD4E"]}},"block_order":["product_card_gallery_A4x6YB","group_Enq8jn"]}},"name":"t:names.products_carousel","settings":{"collection":"{{ metaobject.collection_2.value }}","layout_type":"carousel","carousel_on_mobile":false,"max_products":6,"columns":4,"mobile_columns":"2","mobile_card_size":"60cqw","columns_gap":8,"rows_gap":36,"icons_style":"arrow","icons_shape":"circle","section_width":"page-width","horizontal_alignment":"flex-start","gap":28,"color_scheme":"scheme-1","padding-block-start":48,"padding-block-end":48}},"product_list_WrVN7J":{"type":"product-list","blocks":{"static-header":{"type":"_product-list-content","name":"t:names.header","static":true,"settings":{"content_direction":"row","vertical_on_mobile":false,"horizontal_alignment":"space-between","vertical_alignment":"flex-end","align_baseline":true,"horizontal_alignment_flex_direction_column":"flex-start","vertical_alignment_flex_direction_column":"center","gap":12,"width":"fill","custom_width":100,"width_mobile":"fill","custom_width_mobile":100,"height":"fit","custom_height":100,"inherit_color_scheme":true,"color_scheme":"","background_media":"none","video_position":"cover","background_image_position":"cover","border":"none","border_width":1,"border_opacity":100,"border_radius":0,"padding-block-start":0,"padding-block-end":0,"padding-inline-start":0,"padding-inline-end":0},"blocks":{"product_list_text_VeKzpr":{"type":"_product-list-text","name":"t:names.collection_title","settings":{"text":"<h3>{{ closest.collection.title }}<\/h3>","width":"fit-content","max_width":"normal","alignment":"left","type_preset":"rte","font":"var(--font-body--family)","font_size":"","line_height":"normal","letter_spacing":"normal","case":"none","wrap":"pretty","color":"var(--color-foreground)","background":false,"background_color":"#00000026","corner_radius":0,"padding-block-start":0,"padding-block-end":0,"padding-inline-start":0,"padding-inline-end":0},"blocks":{}},"product_list_button_r6qchy":{"type":"_product-list-button","name":"t:names.product_list_button","settings":{"label":"View all","open_in_new_tab":false,"style_class":"link","width":"fit-content","custom_width":100,"width_mobile":"fit-content","custom_width_mobile":100},"blocks":{}}},"block_order":["product_list_text_VeKzpr","product_list_button_r6qchy"]},"static-product-card":{"type":"_product-card","name":"t:names.product_card","static":true,"settings":{"product_card_gap":8,"inherit_color_scheme":true,"color_scheme":"","border":"none","border_width":1,"border_opacity":100,"border_radius":0,"padding-block-start":0,"padding-block-end":0,"padding-inline-start":0,"padding-inline-end":0},"blocks":{"product_card_gallery_BQTH67":{"type":"_product-card-gallery","name":"t:names.product_image","settings":{"image_ratio":"portrait","border":"none","border_width":1,"border_opacity":100,"border_radius":0,"padding-block-start":0,"padding-block-end":0,"padding-inline-start":0,"padding-inline-end":0},"blocks":{}},"group_edcC4L":{"type":"_product-card-group","name":"t:names.group","settings":{"link":"","open_in_new_tab":false,"content_direction":"column","vertical_on_mobile":true,"horizontal_alignment":"flex-start","vertical_alignment":"center","align_baseline":false,"horizontal_alignment_flex_direction_column":"flex-start","vertical_alignment_flex_direction_column":"center","gap":4,"width":"fill","custom_width":100,"width_mobile":"fill","custom_width_mobile":100,"height":"fit","custom_height":100,"inherit_color_scheme":true,"color_scheme":"","background_media":"none","video_position":"cover","background_image_position":"cover","border":"none","border_width":1,"border_opacity":100,"border_radius":0,"toggle_overlay":false,"overlay_color":"#00000026","overlay_style":"solid","gradient_direction":"to top","padding-block-start":0,"padding-block-end":0,"padding-inline-start":0,"padding-inline-end":0},"blocks":{"product_title_FtnMHR":{"type":"product-title","name":"t:names.product_title","settings":{"width":"100%","max_width":"normal","alignment":"left","type_preset":"h5","font":"var(--font-body--family)","font_size":"","line_height":"normal","letter_spacing":"normal","case":"none","wrap":"pretty","color":"var(--color-foreground)","background":false,"background_color":"#00000026","corner_radius":0,"padding-block-start":0,"padding-block-end":0,"padding-inline-start":0,"padding-inline-end":0},"blocks":{}},"price_ANUzMD":{"type":"price","name":"t:names.product_price","settings":{"show_sale_price_first":true,"show_installments":false,"show_tax_info":false,"type_preset":"","width":"100%","alignment":"left","font":"var(--font-body--family)","font_size":"1rem","line_height":"normal","letter_spacing":"normal","case":"none","color":"var(--color-foreground)","padding-block-start":0,"padding-block-end":0,"padding-inline-start":0,"padding-inline-end":0},"blocks":{}},"swatches_4nHw4H":{"type":"swatches","name":"t:names.swatches","settings":{"product_swatches_alignment":"flex-start","product_swatches_alignment_mobile":"flex-start","hide_padding":false,"product_swatches_padding_top":4,"product_swatches_padding_bottom":0,"product_swatches_padding_left":0,"product_swatches_padding_right":0},"blocks":{}}},"block_order":["product_title_FtnMHR","price_ANUzMD","swatches_4nHw4H"]}},"block_order":["product_card_gallery_BQTH67","group_edcC4L"]}},"name":"t:names.products_carousel","settings":{"collection":"{{ metaobject.collection_3.value }}","layout_type":"carousel","carousel_on_mobile":false,"max_products":6,"columns":4,"mobile_columns":"2","mobile_card_size":"60cqw","columns_gap":8,"rows_gap":36,"icons_style":"arrow","icons_shape":"circle","section_width":"page-width","horizontal_alignment":"flex-start","gap":28,"color_scheme":"scheme-1","padding-block-start":48,"padding-block-end":48}},"product_list_TQFNi6":{"type":"product-list","blocks":{"static-header":{"type":"_product-list-content","name":"t:names.header","static":true,"settings":{"content_direction":"row","vertical_on_mobile":false,"horizontal_alignment":"space-between","vertical_alignment":"flex-end","align_baseline":true,"horizontal_alignment_flex_direction_column":"flex-start","vertical_alignment_flex_direction_column":"center","gap":12,"width":"fill","custom_width":100,"width_mobile":"fill","custom_width_mobile":100,"height":"fit","custom_height":100,"inherit_color_scheme":true,"color_scheme":"","background_media":"none","video_position":"cover","background_image_position":"cover","border":"none","border_width":1,"border_opacity":100,"border_radius":0,"padding-block-start":0,"padding-block-end":0,"padding-inline-start":0,"padding-inline-end":0},"blocks":{"product_list_text_tfUUn9":{"type":"_product-list-text","name":"t:names.collection_title","settings":{"text":"<h3>{{ closest.collection.title }}<\/h3>","width":"fit-content","max_width":"normal","alignment":"left","type_preset":"rte","font":"var(--font-body--family)","font_size":"","line_height":"normal","letter_spacing":"normal","case":"none","wrap":"pretty","color":"var(--color-foreground)","background":false,"background_color":"#00000026","corner_radius":0,"padding-block-start":0,"padding-block-end":0,"padding-inline-start":0,"padding-inline-end":0},"blocks":{}},"product_list_button_RcWj9h":{"type":"_product-list-button","name":"t:names.product_list_button","settings":{"label":"View all","open_in_new_tab":false,"style_class":"link","width":"fit-content","custom_width":100,"width_mobile":"fit-content","custom_width_mobile":100},"blocks":{}}},"block_order":["product_list_text_tfUUn9","product_list_button_RcWj9h"]},"static-product-card":{"type":"_product-card","name":"t:names.product_card","static":true,"settings":{"product_card_gap":8,"inherit_color_scheme":true,"color_scheme":"","border":"none","border_width":1,"border_opacity":100,"border_radius":0,"padding-block-start":0,"padding-block-end":0,"padding-inline-start":0,"padding-inline-end":0},"blocks":{"product_card_gallery_W7TEMk":{"type":"_product-card-gallery","name":"t:names.product_image","settings":{"image_ratio":"portrait","border":"none","border_width":1,"border_opacity":100,"border_radius":0,"padding-block-start":0,"padding-block-end":0,"padding-inline-start":0,"padding-inline-end":0},"blocks":{}},"group_8jMyiy":{"type":"_product-card-group","name":"t:names.group","settings":{"link":"","open_in_new_tab":false,"content_direction":"column","vertical_on_mobile":true,"horizontal_alignment":"flex-start","vertical_alignment":"center","align_baseline":false,"horizontal_alignment_flex_direction_column":"flex-start","vertical_alignment_flex_direction_column":"center","gap":4,"width":"fill","custom_width":100,"width_mobile":"fill","custom_width_mobile":100,"height":"fit","custom_height":100,"inherit_color_scheme":true,"color_scheme":"","background_media":"none","video_position":"cover","background_image_position":"cover","border":"none","border_width":1,"border_opacity":100,"border_radius":0,"toggle_overlay":false,"overlay_color":"#00000026","overlay_style":"solid","gradient_direction":"to top","padding-block-start":0,"padding-block-end":0,"padding-inline-start":0,"padding-inline-end":0},"blocks":{"product_title_nRRKY7":{"type":"product-title","name":"t:names.product_title","settings":{"width":"100%","max_width":"normal","alignment":"left","type_preset":"h5","font":"var(--font-body--family)","font_size":"","line_height":"normal","letter_spacing":"normal","case":"none","wrap":"pretty","color":"var(--color-foreground)","background":false,"background_color":"#00000026","corner_radius":0,"padding-block-start":0,"padding-block-end":0,"padding-inline-start":0,"padding-inline-end":0},"blocks":{}},"price_pytRWm":{"type":"price","name":"t:names.product_price","settings":{"show_sale_price_first":true,"show_installments":false,"show_tax_info":false,"type_preset":"","width":"100%","alignment":"left","font":"var(--font-body--family)","font_size":"1rem","line_height":"normal","letter_spacing":"normal","case":"none","color":"var(--color-foreground)","padding-block-start":0,"padding-block-end":0,"padding-inline-start":0,"padding-inline-end":0},"blocks":{}},"swatches_43XCwk":{"type":"swatches","name":"t:names.swatches","settings":{"product_swatches_alignment":"flex-start","product_swatches_alignment_mobile":"flex-start","hide_padding":false,"product_swatches_padding_top":4,"product_swatches_padding_bottom":0,"product_swatches_padding_left":0,"product_swatches_padding_right":0},"blocks":{}}},"block_order":["product_title_nRRKY7","price_pytRWm","swatches_43XCwk"]}},"block_order":["product_card_gallery_W7TEMk","group_8jMyiy"]}},"name":"t:names.products_carousel","settings":{"collection":"{{ metaobject.collection_4.value }}","layout_type":"carousel","carousel_on_mobile":false,"max_products":6,"columns":4,"mobile_columns":"2","mobile_card_size":"60cqw","columns_gap":8,"rows_gap":36,"icons_style":"arrow","icons_shape":"circle","section_width":"page-width","horizontal_alignment":"flex-start","gap":28,"color_scheme":"scheme-1","padding-block-start":48,"padding-block-end":48}},"section_PfRymd":{"type":"section","blocks":{"ai_gen_block_53fa06d_UXWhiy":{"type":"ai_gen_block_53fa06d","name":"Blog Posts","settings":{"blog":"birthstones-for-each-month","posts_to_show":3,"heading":"Latest Blog Posts","subheading":"Stay updated with our latest news and insights","columns_desktop":3,"columns_mobile":1,"grid_gap":24,"grid_gap_mobile":16,"enable_desktop_carousel":false,"enable_mobile_carousel":true,"show_date":true,"show_author":true,"show_excerpt":true,"show_tags":true,"show_view_all":true,"view_all_text":"View All Posts","image_height":200,"card_padding":20,"card_padding_mobile":16,"card_border_radius":8,"heading_size":32,"subheading_size":16,"card_title_size":18,"card_title_size_mobile":16,"excerpt_size":14,"excerpt_size_mobile":13,"heading_color":"#000000","text_color":"#666666","card_background":"#ffffff","title_color":"#000000","title_hover_color":"#666666","meta_color":"#999999","tag_background":"#f0f0f0","tag_color":"#666666","tag_hover_background":"#e0e0e0","nav_button_color":"#000000","nav_button_text_color":"#ffffff","nav_button_hover_color":"#333333","view_all_bg":"#000000","view_all_color":"#ffffff","view_all_hover_bg":"#333333","view_all_hover_color":"#ffffff","view_all_border_radius":4,"section_padding_top":60,"section_padding_bottom":60},"blocks":{}}},"block_order":["ai_gen_block_53fa06d_UXWhiy"],"name":"t:names.custom_section","settings":{"content_direction":"column","vertical_on_mobile":true,"horizontal_alignment":"flex-start","vertical_alignment":"center","align_baseline":false,"horizontal_alignment_flex_direction_column":"flex-start","vertical_alignment_flex_direction_column":"center","gap":12,"section_width":"page-width","section_height":"","section_height_custom":50,"color_scheme":"","background_media":"none","video_position":"cover","background_image_position":"cover","border":"none","border_width":1,"border_opacity":100,"border_radius":0,"toggle_overlay":false,"overlay_color":"#00000026","overlay_style":"solid","gradient_direction":"to top","padding-block-start":0,"padding-block-end":0}}},"order":["section_ABQFyt","section_meDQiU","section_R8qWP7","product_list_TpWBzA","product_list_LTCq3F","product_list_WrVN7J","product_list_TQFNi6","section_PfRymd"]}